[{"model": "auth.user", "pk": 1, "fields": {"password": "pbkdf2_sha256$720000$0A1FeKhWQCv5EaYSZi25QU$wiKQFTr2UDwsyH9h4EyFyEY71KmLqTE+jRqY1KeGNME=", "last_login": "2026-01-27T11:56:22.294Z", "is_superuser": true, "username": "admin", "first_name": "", "last_name": "", "email": "admin@example.com", "is_staff": true, "is_active": true, "date_joined": "2026-01-26T10:44:30.863Z", "groups": [], "user_permissions": []}}, {"model": "auth.user", "pk": 3, "fields": {"password": "!07M3eexUpMONfFWCsDM4bWIKBJBUYRkHp1Sd98Uq", "last_login": null, "is_superuser": false, "username": "abdul.saboor", "first_name": "Abdul Saboor", "last_name": "", "email": "", "is_staff": false, "is_active": true, "date_joined": "2026-01-27T00:00:51.899Z", "groups": [], "user_permissions": []}}, {"model": "auth.user", "pk": 4, "fields": {"password": "!Xocrgn8L8UEs4MjB10ASl5sfQbmi9k3N3hNWTQtO", "last_login": null, "is_superuser": false, "username": "ali.ahmed.laskar", "first_name": "Ali Ahmed Laskar", "last_name": "", "email": "", "is_staff": false, "is_active": true, "date_joined": "2026-01-27T00:00:51.905Z", "groups": [], "user_permissions": []}}, {"model": "auth.user", "pk": 5, "fields": {"password": "!EsqKQzn8Jg9lRcGm63GX45nP7LM03Q4snIoF5rPn", "last_login": null, "is_superuser": false, "username": "ali.shan", "first_name": "Ali Shan", "last_name": "", "email": "", "is_staff": false, "is_active": true, "date_joined": "2026-01-27T00:00:51.912Z", "groups": [], "user_permissions": []}}, {"model": "auth.user", "pk": 6, "fields": {"password": "!x2WHKhevmoaoSRZzBCNXLug5gkpymAY0rllpDJje", "last_login": null, "is_superuser": false, "username": "azan.idrees", "first_name": "Azan Idrees", "last_name": "", "email": "", "is_staff": false, "is_active": true, "date_joined": "2026-01-27T00:00:51.919Z", "groups": [], "user_permissions": []}}, {"model": "auth.user", "pk": 7, "fields": {"password": "!ucI7psHnweys6JoREK7Ek0NLP7Rm9WTXN496YAF2", "last_login": null, "is_superuser": false, "username": "brijinder", "first_name": "Brijinder", "last_name": "", "email": "", "is_staff": false, "is_active": true, "date_joined": "2026-01-27T00:00:51.925Z", "groups": [], "user_permissions": []}}, {"model": "auth.user", "pk": 8, "fields": {"password": "!lWlEii8WIWUwglDolKs3ZLZ6zn0TN0Ifu2jencZz", "last_login": null, "is_superuser": false, "username": "dhiraj.kumar", "first_name": "Dhiraj Kumar", "last_name": "", "email": "", "is_staff": false, "is_active": true, "date_joined": "2026-01-27T00:00:51.932Z", "groups": [], "user_permissions": []}}, {"model": "auth.user", "pk": 9, "fields": {"password": "!SqwxnObzouqoKNsbhwFt1VcIpK4wcFLszigYdxDr", "last_login": null, "is_superuser": false, "username": "emmanuel.botwe", "first_name": "Emmanuel Botwe", "last_name": "", "email": "", "is_staff": false, "is_active": true, "date_joined": "2026-01-27T00:00:51.938Z", "groups": [], "user_permissions": []}}, {"model": "auth.user", "pk": 10, "fields": {"password": "!lJWWg6v38Ll1i1IFOEW0I9wgsakdUqGGdJCbf4Du", "last_login": null, "is_superuser": false, "username": "ghulam.farid", "first_name": "Ghulam Farid", "last_name": "", "email": "", "is_staff": false, "is_active": true, "date_joined": "2026-01-27T00:00:51.946Z", "groups": [], "user_permissions": []}}, {"model": "auth.user", "pk": 11, "fields": {"password": "!4m2Z1ZORCmnHj7ffV6ZaVW1sLRoioTgpfBYtAw1Z", "last_login": null, "is_superuser": false, "username": "iftikhar.muhammad", "first_name": "Iftikhar Muhammad", "last_name": "", "email": "", "is_staff": false, "is_active": true, "date_joined": "2026-01-27T00:00:51.953Z", "groups": [], "user_permissions": []}}, {"model": "auth.user", "pk": 12, "fields": {"password": "!ZUJGFcPilNpSOMFCdMbxMCzWb0Jnfnrlk3Z7kQFY", "last_login": null, "is_superuser": false, "username": "jahan.uddin", "first_name": "Jahan Uddin", "last_name": "", "email": "", "is_staff": false, "is_active": true, "date_joined": "2026-01-27T00:00:51.959Z", "groups": [], "user_permissions": []}}, {"model": "auth.user", "pk": 13, "fields": {"password": "!9Fw7tJb9LlWOQJVoQQpbinCNtzZ8iBK1oelqm6xN", "last_login": null, "is_superuser": false, "username": "jalal.ahmed.laskar", "first_name": "Jalal Ahmed Laskar", "last_name": "", "email": "", "is_staff": false, "is_active": true, "date_joined": "2026-01-27T00:00:51.966Z", "groups": [], "user_permissions": []}}, {"model": "auth.user", "pk": 14, "fields": {"password": "!fFczdr6UtSTXVib8cxp6ZO9TQPBTK0ra2iGhuOeI", "last_login": null, "is_superuser": false, "username": "jan.said.awranag.zaib", "first_name": "Jan Said Awranag Zaib", "last_name": "", "email": "", "is_staff": false, "is_active": true, "date_joined": "2026-01-27T00:00:51.972Z", "groups": [], "user_permissions": []}}, {"model": "auth.user", "pk": 15, "fields": {"password": "!xIaagDALHJs6FUOlCzvKL9PPBFu6O1THBnWiPur0", "last_login": null, "is_superuser": false, "username": "maznzul.ahmed.choudhury", "first_name": "Maznzul Ahmed Choudhury", "last_name": "", "email": "", "is_staff": false, "is_active": true, "date_joined": "2026-01-27T00:00:51.978Z", "groups": [], "user_permissions": []}}, {"model": "auth.user", "pk": 16, "fields": {"password": "!ZRyvgQ4iBZcLzv7NZFgsJ04KJ2c64Tq15OLbpQ4H", "last_login": null, "is_superuser": false, "username": "masuk.ahmed.laskar", "first_name": "Masuk Ahmed Laskar", "last_name": "", "email": "", "is_staff": false, "is_active": true, "date_joined": "2026-01-27T00:00:51.984Z", "groups": [], "user_permissions": []}}, {"model": "auth.user", "pk": 17, "fields": {"password": "!8YDehajycglptEfEjWudOEBh7Y5JUWQs1u6AR8Me", "last_login": null, "is_superuser": false, "username": "mohammed.imran", "first_name": "Mohammed Imran", "last_name": "", "email": "", "is_staff": false, "is_active": true, "date_joined": "2026-01-27T00:00:51.989Z", "groups": [], "user_permissions": []}}, {"model": "auth.user", "pk": 18, "fields": {"password": "!ZCJfyqgXf7SBxlDwKQE6gHa6VmNH4HwOecOaFKQA", "last_login": null, "is_superuser": false, "username": "muhammad.ibrar", "first_name": "Muhammad Ibrar", "last_name": "", "email": "", "is_staff": false, "is_active": true, "date_joined": "2026-01-27T00:00:51.996Z", "groups": [], "user_permissions": []}}, {"model": "auth.user", "pk": 19, "fields": {"password": "!ulQTFqbNieFwLbTPzpooKP5MTzRJh3NWsp1JG7In", "last_login": null, "is_superuser": false, "username": "muhammad.latif", "first_name": "Muhammad Latif", "last_name": "", "email": "", "is_staff": false, "is_active": true, "date_joined": "2026-01-27T00:00:52.001Z", "groups": [], "user_permissions": []}}, {"model": "auth.user", "pk": 20, "fields": {"password": "!Ib8vv6nKmmW4gvBIvit9fmnRrQbC7KNCRKwSZqhz", "last_login": null, "is_superuser": false, "username": "muhammad.rahim.malik", "first_name": "Muhammad Rahim Malik", "last_name": "", "email": "", "is_staff": false, "is_active": true, "date_joined": "2026-01-27T00:00:52.007Z", "groups": [], "user_permissions": []}}, {"model": "auth.user", "pk": 21, "fields": {"password": "!YnBZNaGv4yrdGnAc06d3VWRmuXRvHByq0KJ6S53j", "last_login": null, "is_superuser": false, "username": "mursaleen", "first_name": "Mursaleen", "last_name": "", "email": "", "is_staff": false, "is_active": true, "date_joined": "2026-01-27T00:00:52.014Z", "groups": [], "user_permissions": []}}, {"model": "auth.user", "pk": 22, "fields": {"password": "!aW4anBZkfZN0IHJXEHzxy4D0aNnz9F6zQGXFSMpP", "last_login": null, "is_superuser": false, "username": "nizam.uddin.laskar", "first_name": "Nizam Uddin Laskar", "last_name": "", "email": "", "is_staff": false, "is_active": true, "date_joined": "2026-01-27T00:00:52.019Z", "groups": [], "user_permissions": []}}, {"model": "auth.user", "pk": 23, "fields": {"password": "!adQRxqeaII9lqM5GrlhHavjPY60mPZoqOHOgIv9K", "last_login": null, "is_superuser": false, "username": "nur.ahmed.choudhury", "first_name": "Nur Ahmed Choudhury", "last_name": "", "email": "", "is_staff": false, "is_active": true, "date_joined": "2026-01-27T00:00:52.026Z", "groups": [], "user_permissions": []}}, {"model": "auth.user", "pk": 24, "fields": {"password": "!ZAEOeqFVmSlQNyhuvkY2KNnZO7lh2ysGs904xpTg", "last_login": null, "is_superuser": false, "username": "saddam.hussain", "first_name": "Saddam Hussain", "last_name": "", "email": "", "is_staff": false, "is_active": true, "date_joined": "2026-01-27T00:00:52.032Z", "groups": [], "user_permissions": []}}, {"model": "auth.user", "pk": 25, "fields": {"password": "!Gmi6eWWMGHAlPOdzUPn1yox0kXjnTOmGVY1tfN5I", "last_login": null, "is_superuser": false, "username": "stephan.nii.boye", "first_name": "Stephan Nii Boye", "last_name": "", "email": "", "is_staff": false, "is_active": true, "date_joined": "2026-01-27T00:00:52.038Z", "groups": [], "user_permissions": []}}, {"model": "auth.user", "pk": 26, "fields": {"password": "!PIoWUkyVOm5wvfAn1pJSGhgF4GxdK8F43FzEormy", "last_login": null, "is_superuser": false, "username": "yahaya.salisu", "first_name": "Yahaya Salisu", "last_name": "", "email": "", "is_staff": false, "is_active": true, "date_joined": "2026-01-27T00:00:52.044Z", "groups": [], "user_permissions": []}}, {"model": "auth.user", "pk": 27, "fields": {"password": "!LPMmp7MsXPqPZaiYVqDVOgxjAWD0zjxvjI2KL2bt", "last_login": null, "is_superuser": false, "username": "zareen.mohd", "first_name": "Zareen Mohd", "last_name": "", "email": "", "is_staff": false, "is_active": true, "date_joined": "2026-01-27T00:00:52.051Z", "groups": [], "user_permissions": []}}, {"model": "auth.user", "pk": 28, "fields": {"password": "!IWqXjpjB5uW3gC9kX9LhS5mNJsbL35tQ6uOXGmyX", "last_login": null, "is_superuser": false, "username": "akhma.jan", "first_name": "Akhma Jan", "last_name": "", "email": "", "is_staff": false, "is_active": true, "date_joined": "2026-01-27T00:00:52.056Z", "groups": [], "user_permissions": []}}, {"model": "auth.user", "pk": 29, "fields": {"password": "!jSKBgit1X90FHvV0Psu0No3Da2iIDsV9p87x47St", "last_login": null, "is_superuser": false, "username": "ashok.kumar", "first_name": "Ashok Kumar", "last_name": "", "email": "", "is_staff": false, "is_active": true, "date_joined": "2026-01-27T00:00:52.062Z", "groups": [], "user_permissions": []}}, {"model": "auth.user", "pk": 30, "fields": {"password": "!DE8xS1hrisijhaaQ93MIhRbkEbjMu7jpCffXQM3o", "last_login": null, "is_superuser": false, "username": "bhola.singh", "first_name": "Bhola Singh", "last_name": "", "email": "", "is_staff": false, "is_active": true, "date_joined": "2026-01-27T00:00:52.067Z", "groups": [], "user_permissions": []}}, {"model": "auth.user", "pk": 31, "fields": {"password": "!DR0Q65wIgPvVCpSCucUqcZPsUOfHOUeBE0bF7ixd", "last_login": null, "is_superuser": false, "username": "mera.rao", "first_name": "Mera Rao", "last_name": "", "email": "", "is_staff": false, "is_active": true, "date_joined": "2026-01-27T00:00:52.073Z", "groups": [], "user_permissions": []}}, {"model": "auth.user", "pk": 32, "fields": {"password": "!NKj4pK1dHsdBzxk40pjVY5XqMKI1sl8CL2PEpUMZ", "last_login": null, "is_superuser": false, "username": "mohammed.sahedul.haque.chowdhury", "first_name": "Mohammed Sahedul Haque Chowdhury", "last_name": "", "email": "", "is_staff": false, "is_active": true, "date_joined": "2026-01-27T00:00:52.079Z", "groups": [], "user_permissions": []}}, {"model": "auth.user", "pk": 33, "fields": {"password": "!PUIHm1CrTPlFIr3FadRZXA1ooxv868e0q98hhbUF", "last_login": null, "is_superuser": false, "username": "rajen.pradhan", "first_name": "Rajen Pradhan", "last_name": "", "email": "", "is_staff": false, "is_active": true, "date_joined": "2026-01-27T00:00:52.084Z", "groups": [], "user_permissions": []}}, {"model": "auth.user", "pk": 34, "fields": {"password": "!IuVQkqNrgG5e6XQQ3bt0mBEV0ibrkC2bEpMgYbrQ", "last_login": null, "is_superuser": false, "username": "siddappa", "first_name": "Siddappa", "last_name": "", "email": "", "is_staff": false, "is_active": true, "date_joined": "2026-01-27T00:00:52.089Z", "groups": [], "user_permissions": []}}, {"model": "auth.user", "pk": 35, "fields": {"password": "!cO2ksXRDWMdujTbi1QHLcAvokwGJnB8JqVlM6MLt", "last_login": null, "is_superuser": false, "username": "sudhir.kumar.singh", "first_name": "Sudhir Kumar Singh", "last_name": "", "email": "", "is_staff": false, "is_active": true, "date_joined": "2026-01-27T00:00:52.096Z", "groups": [], "user_permissions": []}}, {"model": "auth.user", "pk": 36, "fields": {"password": "!9Biy0exv5DafT2BQJZOSA9xVpjfe1wTsq2z9H8Vh", "last_login": null, "is_superuser": false, "username": "anish", "first_name": "Anish", "last_name": "", "email": "", "is_staff": false, "is_active": true, "date_joined": "2026-01-27T00:00:52.102Z", "groups": [], "user_permissions": []}}, {"model": "auth.user", "pk": 38, "fields": {"password": "!Do3fhuzSJ7wsD5WT5VakSfs0YgLrqBf8qk9yDuQ5", "last_login": null, "is_superuser": false, "username": "elmma.song.yoh", "first_name": "Elmma Song Yoh", "last_name": "", "email": "", "is_staff": false, "is_active": true, "date_joined": "2026-01-27T00:00:52.113Z", "groups": [], "user_permissions": []}}, {"model": "auth.user", "pk": 39, "fields": {"password": "!ssf46ewZlhMI0oLYNJdz8yu2r8rAuzgaUyIxLHmP", "last_login": null, "is_superuser": false, "username": "farhan.ali", "first_name": "Farhan Ali", "last_name": "", "email": "", "is_staff": false, "is_active": true, "date_joined": "2026-01-27T00:00:52.119Z", "groups": [], "user_permissions": []}}, {"model": "auth.user", "pk": 40, "fields": {"password": "!Ovt0pzRNcnOKvGadtI4k4EH7WNeVrObnSFyfpFtm", "last_login": null, "is_superuser": false, "username": "mohammad.usman", "first_name": "Mohammad Usman", "last_name": "", "email": "", "is_staff": false, "is_active": true, "date_joined": "2026-01-27T00:00:52.125Z", "groups": [], "user_permissions": []}}, {"model": "auth.user", "pk": 41, "fields": {"password": "!6dFeOrdm6qYFqRtmb2OldE7zszfhykY0Fi3wtRgT", "last_login": null, "is_superuser": false, "username": "nomaanuddin.mohammed", "first_name": "Nomaanuddin Mohammed", "last_name": "", "email": "", "is_staff": false, "is_active": true, "date_joined": "2026-01-27T00:00:52.131Z", "groups": [], "user_permissions": []}}, {"model": "auth.user", "pk": 42, "fields": {"password": "!lmj7TsoZRtuaPZmYVaTbO8nboIvPaSSK1CfPw3Bg", "last_login": null, "is_superuser": false, "username": "rashid.abdulrahman", "first_name": "Rashid Abdulrahman", "last_name": "", "email": "", "is_staff": false, "is_active": true, "date_joined": "2026-01-27T00:00:52.137Z", "groups": [], "user_permissions": []}}, {"model": "auth.user", "pk": 43, "fields": {"password": "!WtODyeCwgoWOKFodDTKXidgBbf3dWdUkD35eG0sw", "last_login": null, "is_superuser": false, "username": "suraj.upadhya", "first_name": "Suraj Upadhya", "last_name": "", "email": "", "is_staff": false, "is_active": true, "date_joined": "2026-01-27T00:00:52.142Z", "groups": [], "user_permissions": []}}, {"model": "auth.user", "pk": 44, "fields": {"password": "!ftRVdn1ifHtPDg0gsN05HiNbbzQhAlMTELQfDj1B", "last_login": null, "is_superuser": false, "username": "tamer", "first_name": "Tamer", "last_name": "", "email": "", "is_staff": false, "is_active": true, "date_joined": "2026-01-27T00:00:52.148Z", "groups": [], "user_permissions": []}}, {"model": "auth.user", "pk": 45, "fields": {"password": "!skt7IQPGVK3i0sK9Pka8fo4NA65ooFXa4FamYTIV", "last_login": null, "is_superuser": false, "username": "tariq.abdullah", "first_name": "Tariq Abdullah", "last_name": "", "email": "", "is_staff": false, "is_active": true, "date_joined": "2026-01-27T00:00:52.153Z", "groups": [], "user_permissions": []}}, {"model": "auth.user", "pk": 46, "fields": {"password": "!uMKD5RrVvlmMX2iQ4dRWuqcN9QqB1AK5vZeuC9Ou", "last_login": null, "is_superuser": false, "username": "abid.hussain.tanveer.hussain", "first_name": "Abid Hussain Tanveer Hussain", "last_name": "", "email": "", "is_staff": false, "is_active": true, "date_joined": "2026-01-27T00:00:52.159Z", "groups": [], "user_permissions": []}}, {"model": "auth.user", "pk": 47, "fields": {"password": "!uSzAlEjA9HxOFfZD18q4Mjgimcoc8CC9e74bhHWU", "last_login": null, "is_superuser": false, "username": "ahmed.allah. ditta", "first_name": "Ahmed Allah  Ditta", "last_name": "", "email": "", "is_staff": false, "is_active": true, "date_joined": "2026-01-27T00:00:52.165Z", "groups": [], "user_permissions": []}}, {"model": "auth.user", "pk": 48, "fields": {"password": "!bpWj0hzHtu8mxzqbUIBEUK9uATVC6enAIV4QRIZ6", "last_login": null, "is_superuser": false, "username": "alex.osei", "first_name": "Alex Osei", "last_name": "", "email": "", "is_staff": false, "is_active": true, "date_joined": "2026-01-27T00:00:52.170Z", "groups": [], "user_permissions": []}}, {"model": "auth.user", "pk": 49, "fields": {"password": "!ejSm4iaD2bcJLIGmHZdQLcImNZhRjJltAROhrzp4", "last_login": null, "is_superuser": false, "username": "amimuddin.shaikh", "first_name": "Amimuddin Shaikh", "last_name": "", "email": "", "is_staff": false, "is_active": true, "date_joined": "2026-01-27T00:00:52.175Z", "groups": [], "user_permissions": []}}, {"model": "auth.user", "pk": 50, "fields": {"password": "!5nHMfbzaBwzF9nxR8ySb7QN7GzCT3ppFYAONBluI", "last_login": null, "is_superuser": false, "username": "atif.ehsan", "first_name": "Atif Ehsan", "last_name": "", "email": "", "is_staff": false, "is_active": true, "date_joined": "2026-01-27T00:00:52.181Z", "groups": [], "user_permissions": []}}, {"model": "auth.user", "pk": 51, "fields": {"password": "!w2pgYxlHsl6ef0KOPol2NScS1gCPFsXRwM458Zgl", "last_login": null, "is_superuser": false, "username": "fahad.azeem", "first_name": "Fahad Azeem", "last_name": "", "email": "", "is_staff": false, "is_active": true, "date_joined": "2026-01-27T00:00:52.186Z", "groups": [], "user_permissions": []}}, {"model": "auth.user", "pk": 52, "fields": {"password": "!YAyrGq9T5IODsb0fyY2BOTrSmI6QXZTkrt3TX6dP", "last_login": null, "is_superuser": false, "username": "habibullah", "first_name": "Habibullah", "last_name": "", "email": "", "is_staff": false, "is_active": true, "date_joined": "2026-01-27T00:00:52.192Z", "groups": [], "user_permissions": []}}, {"model": "auth.user", "pk": 53, "fields": {"password": "!9CfFXu9mPYh7GeXaqMF1MlaKobERgu7GuUC54SXM", "last_login": null, "is_superuser": false, "username": "irfan.khan.ejaj", "first_name": "Irfan Khan Ejaj", "last_name": "", "email": "", "is_staff": false, "is_active": true, "date_joined": "2026-01-27T00:00:52.198Z", "groups": [], "user_permissions": []}}, {"model": "auth.user", "pk": 54, "fields": {"password": "!yaGX2oISTGsYUWDjQaLzhStFDAQylJUw4BHeNSGm", "last_login": null, "is_superuser": false, "username": "mohammad.iliash", "first_name": "Mohammad Iliash", "last_name": "", "email": "", "is_staff": false, "is_active": true, "date_joined": "2026-01-27T00:00:52.203Z", "groups": [], "user_permissions": []}}, {"model": "auth.user", "pk": 55, "fields": {"password": "!i1zJ7FRD8kJV230alxPpgfce3hRNosbEzSwu6V9f", "last_login": null, "is_superuser": false, "username": "mohammad.sohrab", "first_name": "Mohammad Sohrab", "last_name": "", "email": "", "is_staff": false, "is_active": true, "date_joined": "2026-01-27T00:00:52.209Z", "groups": [], "user_permissions": []}}, {"model": "auth.user", "pk": 56, "fields": {"password": "!c5mXkOc7MdMPMe3ZZxPdY5h3poHW1O83LxKHrOdT", "last_login": null, "is_superuser": false, "username": "mohammad.ushman", "first_name": "Mohammad Ushman", "last_name": "", "email": "", "is_staff": false, "is_active": true, "date_joined": "2026-01-27T00:00:52.215Z", "groups": [], "user_permissions": []}}, {"model": "auth.user", "pk": 57, "fields": {"password": "!wW9iFc3w17alHwFf9tZYVzFzr0Du0ooYWU8ySaPJ", "last_login": null, "is_superuser": false, "username": "mohammed.asif", "first_name": "Mohammed Asif", "last_name": "", "email": "", "is_staff": false, "is_active": true, "date_joined": "2026-01-27T00:00:52.220Z", "groups": [], "user_permissions": []}}, {"model": "auth.user", "pk": 58, "fields": {"password": "!KUt2guoJjX1iGRnPmCBjExvidDyDavDyQHydrcQu", "last_login": null, "is_superuser": false, "username": "mohd.imran.ansari", "first_name": "Mohd Imran Ansari", "last_name": "", "email": "", "is_staff": false, "is_active": true, "date_joined": "2026-01-27T00:00:52.225Z", "groups": [], "user_permissions": []}}, {"model": "auth.user", "pk": 59, "fields": {"password": "!7O493AZvrWAfBhSaHL8XIYJe1jHox7VheimUUOK3", "last_login": null, "is_superuser": false, "username": "mohd.irfan.siraj.ahmed", "first_name": "Mohd Irfan Siraj Ahmed", "last_name": "", "email": "", "is_staff": false, "is_active": true, "date_joined": "2026-01-27T00:00:52.232Z", "groups": [], "user_permissions": []}}, {"model": "auth.user", "pk": 60, "fields": {"password": "!8Z3H14rGp0QF6rwpOJ3nIH77ehaQF8oxHZpUi1Lc", "last_login": null, "is_superuser": false, "username": "muhammad.imran.akram", "first_name": "Muhammad Imran Akram", "last_name": "", "email": "", "is_staff": false, "is_active": true, "date_joined": "2026-01-27T00:00:52.238Z", "groups": [], "user_permissions": []}}, {"model": "auth.user", "pk": 61, "fields": {"password": "!d2HGsqzhRHMspt3OnmJC3LpayYiw47dbUig6FvUQ", "last_login": null, "is_superuser": false, "username": "muhammad.iqbal", "first_name": "Muhammad Iqbal", "last_name": "", "email": "", "is_staff": false, "is_active": true, "date_joined": "2026-01-27T00:00:52.243Z", "groups": [], "user_permissions": []}}, {"model": "auth.user", "pk": 62, "fields": {"password": "!f1RLcSpK0NW0fMFtBLWRl0G7RWnr4VZodE1BNNAg", "last_login": null, "is_superuser": false, "username": "muhammad.nadeem", "first_name": "Muhammad Nadeem", "last_name": "", "email": "", "is_staff": false, "is_active": true, "date_joined": "2026-01-27T00:00:52.250Z", "groups": [], "user_permissions": []}}, {"model": "auth.user", "pk": 63, "fields": {"password": "!vK0uTonF342VLDZ8lNA4cWnYDiKYiJy9Y51iLnrG", "last_login": null, "is_superuser": false, "username": "muhammad.qasim", "first_name": "Muhammad Qasim", "last_name": "", "email": "", "is_staff": false, "is_active": true, "date_joined": "2026-01-27T00:00:52.255Z", "groups": [], "user_permissions": []}}, {"model": "auth.user", "pk": 64, "fields": {"password": "!VQFGFrOdJ6KoeNF0mIDEUj4L9Uk2M1fTN26xiX4F", "last_login": null, "is_superuser": false, "username": "muhammad.saleem", "first_name": "Muhammad Saleem", "last_name": "", "email": "", "is_staff": false, "is_active": true, "date_joined": "2026-01-27T00:00:52.262Z", "groups": [], "user_permissions": []}}, {"model": "auth.user", "pk": 65, "fields": {"password": "!BG4gUP0yFclIDQ6OJHSWxiMJLZp6AoaQlWLuIsMD", "last_login": null, "is_superuser": false, "username": "muhammad.shafiq", "first_name": "Muhammad Shafiq", "last_name": "", "email": "", "is_staff": false, "is_active": true, "date_joined": "2026-01-27T00:00:52.268Z", "groups": [], "user_permissions": []}}, {"model": "auth.user", "pk": 66, "fields": {"password": "!YITPc0YQ6NtwRmYpDZgnTVZPZjwDN4A2ZicTAgpP", "last_login": null, "is_superuser": false, "username": "pervez", "first_name": "Pervez", "last_name": "", "email": "", "is_staff": false, "is_active": true, "date_joined": "2026-01-27T00:00:52.273Z", "groups": [], "user_permissions": []}}, {"model": "auth.user", "pk": 67, "fields": {"password": "!jd6G2VuOxIFRzD5FIXd9vl42mDNkjwpPS9p04q1n", "last_login": null, "is_superuser": false, "username": "rahul.prakash", "first_name": "Rahul Prakash", "last_name": "", "email": "", "is_staff": false, "is_active": true, "date_joined": "2026-01-27T00:00:52.279Z", "groups": [], "user_permissions": []}}, {"model": "auth.user", "pk": 68, "fields": {"password": "!BDAAkTFshCWdo5etpI40pniF6yoKSPFKVERdvZMN", "last_login": null, "is_superuser": false, "username": "rey", "first_name": "Rey", "last_name": "", "email": "", "is_staff": false, "is_active": true, "date_joined": "2026-01-27T00:00:52.285Z", "groups": [], "user_permissions": []}}, {"model": "auth.user", "pk": 69, "fields": {"password": "!UZ8KV2jrQwq1Jd2lpDkT03Qyp6Rl7S1fL5jzZWQ2", "last_login": null, "is_superuser": false, "username": "shaikh.sharfuddin", "first_name": "Shaikh Sharfuddin", "last_name": "", "email": "", "is_staff": false, "is_active": true, "date_joined": "2026-01-27T00:00:52.292Z", "groups": [], "user_permissions": []}}, {"model": "auth.user", "pk": 70, "fields": {"password": "!2HuSnIlj9a5GzFfK2SgB3rpxuFn9ZaDk0QrI17fl", "last_login": null, "is_superuser": false, "username": "ajig.ahmed.laskar", "first_name": "Ajig Ahmed Laskar", "last_name": "", "email": "", "is_staff": false, "is_active": true, "date_joined": "2026-01-27T00:00:52.299Z", "groups": [], "user_permissions": []}}, {"model": "auth.user", "pk": 71, "fields": {"password": "!CFH8d1dj1LIuVCg1rQ6bQ7H5F5R5kMn8CAYYMxdP", "last_login": null, "is_superuser": false, "username": "aminul.islam", "first_name": "Aminul Islam", "last_name": "", "email": "", "is_staff": false, "is_active": true, "date_joined": "2026-01-27T00:00:52.307Z", "groups": [], "user_permissions": []}}, {"model": "auth.user", "pk": 72, "fields": {"password": "!S7UP2YmnHuGH2vFt3SwHDqs5wjfBXGIsUSsEfdlu", "last_login": null, "is_superuser": false, "username": "amzadul.haque.laskar", "first_name": "Amzadul Haque Laskar", "last_name": "", "email": "", "is_staff": false, "is_active": true, "date_joined": "2026-01-27T00:00:52.314Z", "groups": [], "user_permissions": []}}, {"model": "auth.user", "pk": 73, "fields": {"password": "!ZEK6r6Qil0UE0kB8E0B8DBi2cq3Y90XNrduaeswJ", "last_login": null, "is_superuser": false, "username": "azad.hussain.barbhuiya", "first_name": "Azad Hussain Barbhuiya", "last_name": "", "email": "", "is_staff": false, "is_active": true, "date_joined": "2026-01-27T00:00:52.320Z", "groups": [], "user_permissions": []}}, {"model": "auth.user", "pk": 74, "fields": {"password": "!qJCqxsiQ89VX24S6bfHZCkeuLzytvcbqkeUSGAZ2", "last_login": null, "is_superuser": false, "username": "ikbal.hussain.barbhuiya", "first_name": "Ikbal Hussain Barbhuiya", "last_name": "", "email": "", "is_staff": false, "is_active": true, "date_joined": "2026-01-27T00:00:52.326Z", "groups": [], "user_permissions": []}}, {"model": "auth.user", "pk": 75, "fields": {"password": "!rsHPIFFh3WPWT6pS3B39DnivFpzU91eKYv6xbvZp", "last_login": null, "is_superuser": false, "username": "jalal.uddin", "first_name": "Jalal Uddin", "last_name": "", "email": "", "is_staff": false, "is_active": true, "date_joined": "2026-01-27T00:00:52.333Z", "groups": [], "user_permissions": []}}, {"model": "auth.user", "pk": 76, "fields": {"password": "!gVUAjqYpLoxQ8rbCQbTWrErhArUBBTxeXFthmQqQ", "last_login": null, "is_superuser": false, "username": "jayed.ahmed.laskar", "first_name": "Jayed Ahmed Laskar", "last_name": "", "email": "", "is_staff": false, "is_active": true, "date_joined": "2026-01-27T00:00:52.340Z", "groups": [], "user_permissions": []}}, {"model": "auth.user", "pk": 77, "fields": {"password": "!MuhOY40QuTw9QLxs5qExEHWStkjpohADv8YJdGqG", "last_login": null, "is_superuser": false, "username": "kajal.ahmed", "first_name": "Kajal Ahmed", "last_name": "", "email": "", "is_staff": false, "is_active": true, "date_joined": "2026-01-27T00:00:52.348Z", "groups": [], "user_permissions": []}}, {"model": "auth.user", "pk": 78, "fields": {"password": "!tR7taYk2KaFEip7mdgblO3SOqYFKPiYgHJ9XSYC0", "last_login": null, "is_superuser": false, "username": "mazumder.suhed.alom", "first_name": "Mazumder Suhed Alom", "last_name": "", "email": "", "is_staff": false, "is_active": true, "date_joined": "2026-01-27T00:00:52.355Z", "groups": [], "user_permissions": []}}, {"model": "auth.user", "pk": 79, "fields": {"password": "!KBC8mROcBLdCg90ujiecy1Gj3ohJx1diTxGnv7vb", "last_login": null, "is_superuser": false, "username": "moin.uddin", "first_name": "Moin Uddin", "last_name": "", "email": "", "is_staff": false, "is_active": true, "date_joined": "2026-01-27T00:00:52.362Z", "groups": [], "user_permissions": []}}, {"model": "auth.user", "pk": 80, "fields": {"password": "!AxOclRmI2J0KFr4a0CZOgGAUTdW0FOoUmrvojlRv", "last_login": null, "is_superuser": false, "username": "musim.khan", "first_name": "Musim Khan", "last_name": "", "email": "", "is_staff": false, "is_active": true, "date_joined": "2026-01-27T00:00:52.367Z", "groups": [], "user_permissions": []}}, {"model": "auth.user", "pk": 81, "fields": {"password": "!7tTPe8USaoGbxNQIIiWb1BqaqxUJ5C8cXzEw9E6w", "last_login": null, "is_superuser": false, "username": "muzafar.hussain", "first_name": "Muzafar Hussain", "last_name": "", "email": "", "is_staff": false, "is_active": true, "date_joined": "2026-01-27T00:00:52.373Z", "groups": [], "user_permissions": []}}, {"model": "auth.user", "pk": 82, "fields": {"password": "!vBPB0cIxlM6L44twWrO3bjJg4RqHoHpQoYu0rDLq", "last_login": null, "is_superuser": false, "username": "rahul.phodder", "first_name": "Rahul Phodder", "last_name": "", "email": "", "is_staff": false, "is_active": true, "date_joined": "2026-01-27T00:00:52.379Z", "groups": [], "user_permissions": []}}, {"model": "auth.user", "pk": 83, "fields": {"password": "!cM1a7KJBTZXDZYn5VC5xg8TsRFXv6XTAlK0JzT8J", "last_login": null, "is_superuser": false, "username": "sahid.hussain.laskar", "first_name": "Sahid Hussain Laskar", "last_name": "", "email": "", "is_staff": false, "is_active": true, "date_joined": "2026-01-27T00:00:52.384Z", "groups": [], "user_permissions": []}}, {"model": "auth.user", "pk": 84, "fields": {"password": "!excLe74giUV0iLSv5HLE6VYiIBggJCM2Y4xtxDnd", "last_login": null, "is_superuser": false, "username": "shamim", "first_name": "Shamim", "last_name": "", "email": "", "is_staff": false, "is_active": true, "date_joined": "2026-01-27T00:00:52.390Z", "groups": [], "user_permissions": []}}, {"model": "auth.user", "pk": 85, "fields": {"password": "!fvBWwHE6qQYMnysV9xSbf8sEubsAXzrQpnL0eYBk", "last_login": null, "is_superuser": false, "username": "thuvan.asith.thuvanaheel", "first_name": "Thuvan Asith Thuvanaheel", "last_name": "", "email": "", "is_staff": false, "is_active": true, "date_joined": "2026-01-27T00:00:52.395Z", "groups": [], "user_permissions": []}}, {"model": "auth.user", "pk": 90, "fields": {"password": "pbkdf2_sha256$720000$PyqUve0F5Df0yTMBfHrR4D$5JlfPztNwbWv4ndNR7p9vj2d52uYcAxmBGSPlwm5PZg=", "last_login": null, "is_superuser": false, "username": "test_payroll_user", "first_name": "", "last_name": "", "email": "test.payroll@eliteshine.com", "is_staff": false, "is_active": true, "date_joined": "2026-01-27T07:13:13.332Z", "groups": [], "user_permissions": []}}, {"model": "auth.user", "pk": 95, "fields": {"password": "pbkdf2_sha256$720000$xYL0vChfNXzMVCBSIsHPet$qReJa6uvy+Dh3E0RY09eih7ulNTjk3Ikn+sBCzNL/AM=", "last_login": null, "is_superuser": true, "username": "radhir", "first_name": "Radhir", "last_name": "Architecture", "email": "radhir@eliteshine.ae", "is_staff": true, "is_active": true, "date_joined": "2026-01-27T21:28:13.724Z", "groups": [], "user_permissions": []}}, {"model": "auth.user", "pk": 96, "fields": {"password": "pbkdf2_sha256$720000$7eaalZjU8itpqzNTskO1mW$NnChjHZNxf7W/w7wE0CUD7G9JJAiuwlGOaYy7yszuOA=", "last_login": null, "is_superuser": false, "username": "ruchika", "first_name": "Ruchika", "last_name": "", "email": "ruchika@eliteshine.ae", "is_staff": false, "is_active": true, "date_joined": "2026-01-27T21:28:14.077Z", "groups": [], "user_permissions": []}}, {"model": "auth.user", "pk": 97, "fields": {"password": "pbkdf2_sha256$720000$ojHBzPwpyO8Q3yHOD74zPU$24oGV1z9f9WobjG9V6rI67vTaPT9noponWICLGh6Hls=", "last_login": null, "is_superuser": false, "username": "afsar", "first_name": "Afsar", "last_name": "Hussain", "email": "afsar@eliteshine.ae", "is_staff": false, "is_active": true, "date_joined": "2026-01-27T21:28:14.420Z", "groups": [], "user_permissions": []}}, {"model": "auth.user", "pk": 98, "fields": {"password": "pbkdf2_sha256$1200000$Uhb9fdU8nXsmSTRkORRcLu$8tB3LmyMz21Fbmkap7Vbi5B/QKJczDy3Zzdu6KuV5aI=", "last_login": null, "is_superuser": false, "username": "ankit", "first_name": "Ankit", "last_name": "Manager", "email": "ankit@eliteshine.ae", "is_staff": false, "is_active": true, "date_joined": "2026-01-27T21:28:14.770Z", "groups": [], "user_permissions": []}}, {"model": "auth.user", "pk": 99, "fields": {"password": "pbkdf2_sha256$720000$8sSLijU7hzLzyOtDfXtzEM$x32vNtc+JAbNv9hnFKK5Wk/2bU/uDHlGkRQXSll41Gk=", "last_login": null, "is_superuser": false, "username": "noman", "first_name": "Noman", "last_name": "", "email": "", "is_staff": false, "is_active": true, "date_joined": "2026-01-28T05:10:15.257Z", "groups": [], "user_permissions": []}}, {"model": "sessions.session", "pk": "98mzvc4sn37gzqdnuvjfqfsyb4o4kuxh", "fields": {"session_data": ".eJxVjDEOgzAMAP_iuYrACSRh7N43RI5tCm0VJAJT1b9XSAztene6NyTatyntVdc0CwzQwuWXZeKnlkPIg8p9MbyUbZ2zORJz2mpui-jrerZ_g4nqBAPgmNvejZYc5oA9O_VWrBfyoRk7KyKRc8MdUY6BlJQRe8QYfKvs0MLnC_XhOFg:1vkhen:w8MoNDt7wWKJmPgfzVbRU3V69ugnOchPsCefhSxgko0", "expire_date": "2026-02-10T11:54:53.993Z"}}, {"model": "sessions.session", "pk": "vk7ntt2v43dfkmfcllzvu91aw1zxkpf5", "fields": {"session_data": ".eJxVjMsKwjAQAP9lzxJoN5tHj979hpJkN6YqCTTtSfx3KfSg15lh3jCHfSvz3mWdF4YJBrj8shjSU-oh-BHqvanU6rYuUR2JOm1Xt8byup7t36CEXmACyhYloBmFR0lMkuyQ0eloiJAMoXfojcZsMuuQrfhEjFG7qMkM3sLnC-YKN5s:1vkK6B:d2nTyN_DQSeuMZHdo6uDFpWDeJ8ekL8ARvAlKk9r4zA", "expire_date": "2026-02-09T10:45:35.329Z"}}, {"model": "sessions.session", "pk": "zimhhpzv9yp43ylfxq1dwrf7ibvd32p3", "fields": {"session_data": ".eJxVjDEOgzAMAP_iuYrACSRh7N43RI5tCm0VJAJT1b9XSAztene6NyTatyntVdc0CwzQwuWXZeKnlkPIg8p9MbyUbZ2zORJz2mpui-jrerZ_g4nqBAPgmNvejZYc5oA9O_VWrBfyoRk7KyKRc8MdUY6BlJQRe8QYfKvs0MLnC_XhOFg:1vkhgE:FWageDIoFQB9UVkLfqW5HzhvZ5V2xgkzvrLqWxPhuLQ", "expire_date": "2026-02-10T11:56:22.296Z"}}, {"model": "dashboard.chatmessage", "pk": 1, "fields": {"sender": 98, "receiver": 1, "text": "hello", "is_system": false, "created_at": "2026-01-27T22:49:22.317Z"}}, {"model": "ppf_warranty.ppfwarrantyregistration", "pk": 1, "fields": {"invoice": 1, "invoice_number": "", "full_name": "Bruce Wayne", "contact_number": "+971 55 333 4444", "email": "bruce@wayne.com", "vehicle_brand": "Lucid", "vehicle_model": "Air Sapphire", "vehicle_year": 2024, "vehicle_color": "Blue", "license_plate": "A 1", "vin": "VIN1234567890BAT", "installation_date": "2026-01-26", "branch_location": "DXB", "film_brand": "Elite Pro", "film_type": "GLOSS", "coverage_area": "Full Car", "first_checkup_date": null, "first_checkup_notes": null, "second_checkup_date": null, "second_checkup_notes": null, "third_checkup_date": null, "third_checkup_notes": null, "fourth_checkup_date": null, "fourth_checkup_notes": null, "fifth_checkup_date": null, "fifth_checkup_notes": null, "signature_data": null, "created_at": "2026-01-26T11:27:12.000Z"}}, {"model": "ppf_warranty.ppfwarrantyregistration", "pk": 2, "fields": {"invoice": 2, "invoice_number": "", "full_name": "Bruce Wayne", "contact_number": "+971 55 333 4444", "email": "bruce@wayne.com", "vehicle_brand": "Lucid", "vehicle_model": "Air Sapphire", "vehicle_year": 2024, "vehicle_color": "Blue", "license_plate": "G 112757", "vin": "VIN112757BAT", "installation_date": "2026-01-26", "branch_location": "DXB", "film_brand": "Elite Pro", "film_type": "GLOSS", "coverage_area": "Full Car", "first_checkup_date": null, "first_checkup_notes": null, "second_checkup_date": null, "second_checkup_notes": null, "third_checkup_date": null, "third_checkup_notes": null, "fourth_checkup_date": null, "fourth_checkup_notes": null, "fifth_checkup_date": null, "fifth_checkup_notes": null, "signature_data": null, "created_at": "2026-01-26T11:27:57.690Z"}}, {"model": "ppf_warranty.ppfwarrantyregistration", "pk": 3, "fields": {"invoice": 3, "invoice_number": "", "full_name": "Bruce Wayne", "contact_number": "+971 55 333 4444", "email": "bruce@wayne.com", "vehicle_brand": "Lucid", "vehicle_model": "Air Sapphire", "vehicle_year": 2024, "vehicle_color": "Blue", "license_plate": "G 112821", "vin": "VIN112821BAT", "installation_date": "2026-01-26", "branch_location": "DXB", "film_brand": "Elite Pro", "film_type": "GLOSS", "coverage_area": "Full Car", "first_checkup_date": null, "first_checkup_notes": null, "second_checkup_date": null, "second_checkup_notes": null, "third_checkup_date": null, "third_checkup_notes": null, "fourth_checkup_date": null, "fourth_checkup_notes": null, "fifth_checkup_date": null, "fifth_checkup_notes": null, "signature_data": null, "created_at": "2026-01-26T11:28:21.912Z"}}, {"model": "job_cards.jobcard", "pk": 1, "fields": {"job_card_number": "JC-7001", "status": "ESTIMATION", "date": "2026-01-26", "customer_name": "John Wick", "customer_profile": null, "phone": "+971 55 111 2222", "address": "", "registration_number": "D 99999", "vin": "", "brand": "Mercedes", "model": "G63 AMG", "year": 2024, "color": "Matte Black", "kilometers": 10, "service_advisor": "", "initial_inspection_notes": "", "assigned_technician": "", "assigned_bay": "", "estimated_timeline": null, "job_description": "", "total_amount": "0.00", "vat_amount": "0.00", "discount_amount": "0.00", "net_amount": "0.00", "advance_amount": "0.00", "balance_amount": "0.00", "account_name": "", "bank_name": "", "account_number": "", "iban": "", "branch": "", "qc_sign_off": false, "pre_work_head_sign_off": false, "post_work_tl_sign_off": false, "post_work_head_sign_off": false, "floor_incharge_sign_off": false, "customer_signature": "", "signature_data": null, "loyalty_points": 0, "feedback_notes": "", "portal_token": "08d28d7c-d814-405d-b9ea-5f3daf7dd264", "created_at": "2026-01-26T11:27:11.980Z", "updated_at": "2026-01-28T04:47:33.086Z"}}, {"model": "job_cards.jobcard", "pk": 2, "fields": {"job_card_number": "JC-7002", "status": "CLOSED", "date": "2026-01-26", "customer_name": "Bruce Wayne", "customer_profile": null, "phone": "+971 55 333 4444", "address": "", "registration_number": "A 1", "vin": "", "brand": "Lucid", "model": "Air Sapphire", "year": 2024, "color": "Blue", "kilometers": 5000, "service_advisor": "", "initial_inspection_notes": "", "assigned_technician": "", "assigned_bay": "", "estimated_timeline": null, "job_description": "", "total_amount": "12000.00", "vat_amount": "600.00", "discount_amount": "0.00", "net_amount": "12600.00", "advance_amount": "0.00", "balance_amount": "0.00", "account_name": "", "bank_name": "", "account_number": "", "iban": "", "branch": "", "qc_sign_off": false, "pre_work_head_sign_off": false, "post_work_tl_sign_off": false, "post_work_head_sign_off": false, "floor_incharge_sign_off": false, "customer_signature": "", "signature_data": null, "loyalty_points": 0, "feedback_notes": "", "portal_token": "08d28d7c-d814-405d-b9ea-5f3daf7dd264", "created_at": "2026-01-26T11:27:11.990Z", "updated_at": "2026-01-26T11:27:11.992Z"}}, {"model": "job_cards.jobcard", "pk": 3, "fields": {"job_card_number": "JC-SEED-112757-1", "status": "RECEPTION", "date": "2026-01-26", "customer_name": "John Wick", "customer_profile": null, "phone": "+971 55 111 2222", "address": "", "registration_number": "D 112757", "vin": "", "brand": "Mercedes", "model": "G63 AMG", "year": 2024, "color": "Matte Black", "kilometers": 10, "service_advisor": "", "initial_inspection_notes": "", "assigned_technician": "", "assigned_bay": "", "estimated_timeline": null, "job_description": "", "total_amount": "0.00", "vat_amount": "0.00", "discount_amount": "0.00", "net_amount": "0.00", "advance_amount": "0.00", "balance_amount": "0.00", "account_name": "", "bank_name": "", "account_number": "", "iban": "", "branch": "", "qc_sign_off": false, "pre_work_head_sign_off": false, "post_work_tl_sign_off": false, "post_work_head_sign_off": false, "floor_incharge_sign_off": false, "customer_signature": "", "signature_data": null, "loyalty_points": 0, "feedback_notes": "", "portal_token": "08d28d7c-d814-405d-b9ea-5f3daf7dd264", "created_at": "2026-01-26T11:27:57.678Z", "updated_at": "2026-01-26T11:27:57.678Z"}}, {"model": "job_cards.jobcard", "pk": 4, "fields": {"job_card_number": "JC-SEED-112757-2", "status": "CLOSED", "date": "2026-01-26", "customer_name": "Bruce Wayne", "customer_profile": null, "phone": "+971 55 333 4444", "address": "", "registration_number": "G 112757", "vin": "", "brand": "Lucid", "model": "Air Sapphire", "year": 2024, "color": "Blue", "kilometers": 5000, "service_advisor": "", "initial_inspection_notes": "", "assigned_technician": "", "assigned_bay": "", "estimated_timeline": null, "job_description": "", "total_amount": "12000.00", "vat_amount": "600.00", "discount_amount": "0.00", "net_amount": "12600.00", "advance_amount": "0.00", "balance_amount": "0.00", "account_name": "", "bank_name": "", "account_number": "", "iban": "", "branch": "", "qc_sign_off": false, "pre_work_head_sign_off": false, "post_work_tl_sign_off": false, "post_work_head_sign_off": false, "floor_incharge_sign_off": false, "customer_signature": "", "signature_data": null, "loyalty_points": 0, "feedback_notes": "", "portal_token": "08d28d7c-d814-405d-b9ea-5f3daf7dd264", "created_at": "2026-01-26T11:27:57.683Z", "updated_at": "2026-01-26T11:27:57.683Z"}}, {"model": "job_cards.jobcard", "pk": 5, "fields": {"job_card_number": "JC-SEED-112821-1", "status": "RECEPTION", "date": "2026-01-26", "customer_name": "John Wick", "customer_profile": null, "phone": "+971 55 111 2222", "address": "", "registration_number": "D 112821", "vin": "", "brand": "Mercedes", "model": "G63 AMG", "year": 2024, "color": "Matte Black", "kilometers": 10, "service_advisor": "", "initial_inspection_notes": "", "assigned_technician": "", "assigned_bay": "", "estimated_timeline": null, "job_description": "", "total_amount": "0.00", "vat_amount": "0.00", "discount_amount": "0.00", "net_amount": "0.00", "advance_amount": "0.00", "balance_amount": "0.00", "account_name": "", "bank_name": "", "account_number": "", "iban": "", "branch": "", "qc_sign_off": false, "pre_work_head_sign_off": false, "post_work_tl_sign_off": false, "post_work_head_sign_off": false, "floor_incharge_sign_off": false, "customer_signature": "", "signature_data": null, "loyalty_points": 0, "feedback_notes": "", "portal_token": "08d28d7c-d814-405d-b9ea-5f3daf7dd264", "created_at": "2026-01-26T11:28:21.895Z", "updated_at": "2026-01-26T11:28:21.895Z"}}, {"model": "job_cards.jobcard", "pk": 6, "fields": {"job_card_number": "JC-SEED-112821-2", "status": "CLOSED", "date": "2026-01-26", "customer_name": "Bruce Wayne", "customer_profile": null, "phone": "+971 55 333 4444", "address": "", "registration_number": "G 112821", "vin": "", "brand": "Lucid", "model": "Air Sapphire", "year": 2024, "color": "Blue", "kilometers": 5000, "service_advisor": "", "initial_inspection_notes": "", "assigned_technician": "", "assigned_bay": "", "estimated_timeline": null, "job_description": "", "total_amount": "12000.00", "vat_amount": "600.00", "discount_amount": "0.00", "net_amount": "12600.00", "advance_amount": "0.00", "balance_amount": "0.00", "account_name": "", "bank_name": "", "account_number": "", "iban": "", "branch": "", "qc_sign_off": false, "pre_work_head_sign_off": false, "post_work_tl_sign_off": false, "post_work_head_sign_off": false, "floor_incharge_sign_off": false, "customer_signature": "", "signature_data": null, "loyalty_points": 0, "feedback_notes": "", "portal_token": "08d28d7c-d814-405d-b9ea-5f3daf7dd264", "created_at": "2026-01-26T11:28:21.905Z", "updated_at": "2026-01-26T11:28:21.905Z"}}, {"model": "job_cards.jobcard", "pk": 7, "fields": {"job_card_number": "JC-9999", "status": "DELIVERY", "date": "2026-01-26", "customer_name": "John Doe", "customer_profile": null, "phone": "+971501234567", "address": "", "registration_number": "DXB A 12345", "vin": "WBA3SERIES00998877", "brand": "BMW", "model": "3 Series", "year": 2023, "color": "Grey", "kilometers": 12500, "service_advisor": "Admin", "initial_inspection_notes": "", "assigned_technician": "", "assigned_bay": "", "estimated_timeline": null, "job_description": "Detailing Gold Package Transfer from Lead. Needs pickup at 10 AM.", "total_amount": "0.00", "vat_amount": "0.00", "discount_amount": "0.00", "net_amount": "0.00", "advance_amount": "0.00", "balance_amount": "0.00", "account_name": "", "bank_name": "", "account_number": "", "iban": "", "branch": "", "qc_sign_off": false, "pre_work_head_sign_off": false, "post_work_tl_sign_off": false, "post_work_head_sign_off": false, "floor_incharge_sign_off": false, "customer_signature": "", "signature_data": null, "loyalty_points": 0, "feedback_notes": "", "portal_token": "08d28d7c-d814-405d-b9ea-5f3daf7dd264", "created_at": "2026-01-26T23:31:45.744Z", "updated_at": "2026-01-27T00:31:57.343Z"}}, {"model": "job_cards.jobcard", "pk": 8, "fields": {"job_card_number": "JC-4445", "status": "INVOICING", "date": "2026-01-27", "customer_name": "rasfgj", "customer_profile": null, "phone": "971345678", "address": "dubai", "registration_number": "45678", "vin": "rtyu5678", "brand": "bmw", "model": "x5", "year": 2026, "color": "white", "kilometers": 2202, "service_advisor": "akhma.jan", "initial_inspection_notes": "", "assigned_technician": "", "assigned_bay": "", "estimated_timeline": null, "job_description": "no \n\nSelected Services:\n- Sedan - Full Car Detailing (Interior + Exterior) - Silver Package", "total_amount": "300.00", "vat_amount": "0.00", "discount_amount": "0.00", "net_amount": "300.00", "advance_amount": "0.00", "balance_amount": "0.00", "account_name": "", "bank_name": "", "account_number": "", "iban": "", "branch": "", "qc_sign_off": false, "pre_work_head_sign_off": false, "post_work_tl_sign_off": false, "post_work_head_sign_off": false, "floor_incharge_sign_off": false, "customer_signature": "", "signature_data": null, "loyalty_points": 0, "feedback_notes": "", "portal_token": "08d28d7c-d814-405d-b9ea-5f3daf7dd264", "created_at": "2026-01-27T04:35:47.605Z", "updated_at": "2026-01-27T04:42:54.496Z"}}, {"model": "job_cards.jobcard", "pk": 9, "fields": {"job_card_number": "JC-6942", "status": "DELIVERY", "date": "2026-01-27", "customer_name": "raanviti", "customer_profile": null, "phone": "9815054471592", "address": "dubai", "registration_number": "DXB A 2345", "vin": "fdres432fwd324rf34fre", "brand": "Nissann", "model": "Patrol", "year": 2026, "color": "white", "kilometers": 34567, "service_advisor": "Radhir", "initial_inspection_notes": "", "assigned_technician": "", "assigned_bay": "", "estimated_timeline": null, "job_description": "no\n\nSelected Services:\n- Sedan - Full Car Ceramic Coating (3 Years Warranty)", "total_amount": "1300.00", "vat_amount": "0.00", "discount_amount": "0.00", "net_amount": "1300.00", "advance_amount": "0.00", "balance_amount": "0.00", "account_name": "", "bank_name": "", "account_number": "", "iban": "", "branch": "", "qc_sign_off": false, "pre_work_head_sign_off": false, "post_work_tl_sign_off": false, "post_work_head_sign_off": false, "floor_incharge_sign_off": false, "customer_signature": "", "signature_data": null, "loyalty_points": 0, "feedback_notes": "", "portal_token": "08d28d7c-d814-405d-b9ea-5f3daf7dd264", "created_at": "2026-01-27T04:46:24.068Z", "updated_at": "2026-01-27T04:57:46.990Z"}}, {"model": "job_cards.jobcard", "pk": 10, "fields": {"job_card_number": "JC-20260127-003", "status": "WIP", "date": "2026-01-27", "customer_name": "Tony Stark 112757", "customer_profile": null, "phone": "+971 50 777 8888", "address": "", "registration_number": "", "vin": "", "brand": "Audi", "model": "Audi R8", "year": 2026, "color": "Not Specified", "kilometers": 0, "service_advisor": "Walk-in", "initial_inspection_notes": "", "assigned_technician": "", "assigned_bay": "", "estimated_timeline": null, "job_description": "Pre-booked Service: General Maintenance\nBooking ID: 1\nNotes: ", "total_amount": "0.00", "vat_amount": "0.00", "discount_amount": "0.00", "net_amount": "0.00", "advance_amount": "0.00", "balance_amount": "0.00", "account_name": "", "bank_name": "", "account_number": "", "iban": "", "branch": "", "qc_sign_off": false, "pre_work_head_sign_off": false, "post_work_tl_sign_off": false, "post_work_head_sign_off": false, "floor_incharge_sign_off": false, "customer_signature": "", "signature_data": null, "loyalty_points": 0, "feedback_notes": "", "portal_token": "08d28d7c-d814-405d-b9ea-5f3daf7dd264", "created_at": "2026-01-27T11:13:04.840Z", "updated_at": "2026-01-28T04:47:43.184Z"}}, {"model": "job_cards.jobcard", "pk": 11, "fields": {"job_card_number": "JC-2438", "status": "DELIVERY", "date": "2026-01-28", "customer_name": "Ruchika", "customer_profile": null, "phone": "0565241047", "address": "Dubai", "registration_number": "DXB 143/A", "vin": "WEERRTTBGVVGFDDD", "brand": "rOLLS", "model": "ROYCE", "year": 2026, "color": "BLACK", "kilometers": 143, "service_advisor": "ankit", "initial_inspection_notes": "", "assigned_technician": "", "assigned_bay": "", "estimated_timeline": null, "job_description": "Selected Services:\n- SUV - Full Car Ceramic Coating (5 Years Warranty) (AED 2500)\n- Sedan - Full Car Ceramic Coating (5 Years Warranty) (AED 2000)\n- Sedan - Full Car Ceramic Coating (2 Years Warranty) (AED 1000)", "total_amount": "5500.00", "vat_amount": "275.00", "discount_amount": "0.00", "net_amount": "5775.00", "advance_amount": "0.00", "balance_amount": "0.00", "account_name": "", "bank_name": "", "account_number": "", "iban": "", "branch": "", "qc_sign_off": false, "pre_work_head_sign_off": false, "post_work_tl_sign_off": false, "post_work_head_sign_off": false, "floor_incharge_sign_off": false, "customer_signature": "", "signature_data": null, "loyalty_points": 0, "feedback_notes": "", "portal_token": "76cdcb91-e508-4a9c-95c2-2599519e4fde", "created_at": "2026-01-28T06:11:42.440Z", "updated_at": "2026-01-28T06:12:39.776Z"}}, {"model": "job_cards.servicecategory", "pk": 1, "fields": {"name": "DETAILING"}}, {"model": "job_cards.servicecategory", "pk": 2, "fields": {"name": "CERAMIC COATING"}}, {"model": "job_cards.servicecategory", "pk": 3, "fields": {"name": "U POL RAPTOR PAINT"}}, {"model": "job_cards.servicecategory", "pk": 4, "fields": {"name": "PAINT PROTECTION FILM (PPF)"}}, {"model": "job_cards.service", "pk": 1, "fields": {"category": 1, "name": "Sedan - Full Car Detailing (Interior + Exterior) - Silver Package", "price": "300.00"}}, {"model": "job_cards.service", "pk": 2, "fields": {"category": 1, "name": "SUV - Full Car Detailing (Interior + Exterior) - Silver Package", "price": "350.00"}}, {"model": "job_cards.service", "pk": 3, "fields": {"category": 1, "name": "4x4 - Full Car Detailing (Interior + Exterior) - Silver Package", "price": "400.00"}}, {"model": "job_cards.service", "pk": 4, "fields": {"category": 1, "name": "Sedan - Full Car Premium Detailing - Gold Package", "price": "500.00"}}, {"model": "job_cards.service", "pk": 5, "fields": {"category": 1, "name": "SUV - Full Car Premium Detailing - Gold Package", "price": "600.00"}}, {"model": "job_cards.service", "pk": 6, "fields": {"category": 1, "name": "4x4 - Full Car Premium Detailing - Gold Package", "price": "700.00"}}, {"model": "job_cards.service", "pk": 7, "fields": {"category": 1, "name": "Cobone (Sedan) - Full Car Detailing", "price": "299.00"}}, {"model": "job_cards.service", "pk": 8, "fields": {"category": 1, "name": "Cobone (SUV) - Full Car Detailing", "price": "349.00"}}, {"model": "job_cards.service", "pk": 9, "fields": {"category": 1, "name": "Groupon (Sedan) - Full Car Detailing", "price": "399.00"}}, {"model": "job_cards.service", "pk": 10, "fields": {"category": 1, "name": "Groupon (SUV) - Full Car Detailing", "price": "429.00"}}, {"model": "job_cards.service", "pk": 11, "fields": {"category": 1, "name": "Sedan - Full Car Interior Cleaning", "price": "200.00"}}, {"model": "job_cards.service", "pk": 12, "fields": {"category": 1, "name": "SUV - Full Car Interior Cleaning", "price": "250.00"}}, {"model": "job_cards.service", "pk": 13, "fields": {"category": 1, "name": "4x4 - Full Car Interior Cleaning", "price": "300.00"}}, {"model": "job_cards.service", "pk": 14, "fields": {"category": 1, "name": "Sedan - Full Car Exterior Polish", "price": "200.00"}}, {"model": "job_cards.service", "pk": 15, "fields": {"category": 1, "name": "SUV - Full Car Exterior Polish", "price": "250.00"}}, {"model": "job_cards.service", "pk": 16, "fields": {"category": 1, "name": "4x4 - Full Car Exterior Polish", "price": "300.00"}}, {"model": "job_cards.service", "pk": 17, "fields": {"category": 1, "name": "Sedan - Full Car Premium Interior Cleaning", "price": "300.00"}}, {"model": "job_cards.service", "pk": 18, "fields": {"category": 1, "name": "SUV - Full Car Premium Interior Cleaning", "price": "400.00"}}, {"model": "job_cards.service", "pk": 19, "fields": {"category": 1, "name": "4x4 - Full Car Premium Interior Cleaning", "price": "500.00"}}, {"model": "job_cards.service", "pk": 20, "fields": {"category": 1, "name": "Sedan - Full Car Premium Exterior Polish", "price": "300.00"}}, {"model": "job_cards.service", "pk": 21, "fields": {"category": 1, "name": "SUV - Full Car Premium Exterior Polish", "price": "400.00"}}, {"model": "job_cards.service", "pk": 22, "fields": {"category": 1, "name": "4x4 - Full Car Premium Exterior Polish", "price": "500.00"}}, {"model": "job_cards.service", "pk": 23, "fields": {"category": 1, "name": "Sedan - Interior Cleaning For Fabric Seats", "price": "100.00"}}, {"model": "job_cards.service", "pk": 24, "fields": {"category": 1, "name": "SUV - Interior Cleaning For Fabric Seats", "price": "150.00"}}, {"model": "job_cards.service", "pk": 25, "fields": {"category": 1, "name": "Sedan - Interior Cleaning For Leather Seats", "price": "100.00"}}, {"model": "job_cards.service", "pk": 26, "fields": {"category": 1, "name": "SUV - Interior Cleaning For Leather Seats", "price": "150.00"}}, {"model": "job_cards.service", "pk": 27, "fields": {"category": 1, "name": "Roof Cleaning", "price": "100.00"}}, {"model": "job_cards.service", "pk": 28, "fields": {"category": 1, "name": "HeadLight Polish", "price": "100.00"}}, {"model": "job_cards.service", "pk": 29, "fields": {"category": 1, "name": "Normal Wash", "price": "80.00"}}, {"model": "job_cards.service", "pk": 30, "fields": {"category": 1, "name": "Ceramic Wash", "price": "100.00"}}, {"model": "job_cards.service", "pk": 31, "fields": {"category": 1, "name": "1 Panel Polish", "price": "50.00"}}, {"model": "job_cards.service", "pk": 32, "fields": {"category": 1, "name": "Interior Vacuum", "price": "50.00"}}, {"model": "job_cards.service", "pk": 33, "fields": {"category": 1, "name": "Seat Removal", "price": "50.00"}}, {"model": "job_cards.service", "pk": 34, "fields": {"category": 1, "name": "Seat Removal + Matt Removal", "price": "100.00"}}, {"model": "job_cards.service", "pk": 35, "fields": {"category": 1, "name": "Sedan - Full Car Sanding & Exterior Polish", "price": "500.00"}}, {"model": "job_cards.service", "pk": 36, "fields": {"category": 1, "name": "SUV - Full Car Sanding & Exterior Polish", "price": "600.00"}}, {"model": "job_cards.service", "pk": 37, "fields": {"category": 1, "name": "Sedan - Full Car Exterior Body Cement & Tar Removal", "price": "500.00"}}, {"model": "job_cards.service", "pk": 38, "fields": {"category": 1, "name": "SUV - Full Car Exterior Body Cement & Tar Removal", "price": "600.00"}}, {"model": "job_cards.service", "pk": 39, "fields": {"category": 1, "name": "Sedan - Full Car Exterior Body Waxing", "price": "200.00"}}, {"model": "job_cards.service", "pk": 40, "fields": {"category": 1, "name": "SUV - Full Car Exterior Body Waxing", "price": "250.00"}}, {"model": "job_cards.service", "pk": 41, "fields": {"category": 1, "name": "Sedan - Full Car Exterior Body Overspray Removal", "price": "500.00"}}, {"model": "job_cards.service", "pk": 42, "fields": {"category": 1, "name": "SUV - Full Car Exterior Body Overspray Removal", "price": "600.00"}}, {"model": "job_cards.service", "pk": 43, "fields": {"category": 2, "name": "Sedan - Full Car Ceramic Coating (2 Years Warranty)", "price": "1000.00"}}, {"model": "job_cards.service", "pk": 44, "fields": {"category": 2, "name": "SUV - Full Car Ceramic Coating (2 Years Warranty)", "price": "1200.00"}}, {"model": "job_cards.service", "pk": 45, "fields": {"category": 2, "name": "Sedan - Full Car Ceramic Coating (3 Years Warranty)", "price": "1300.00"}}, {"model": "job_cards.service", "pk": 46, "fields": {"category": 2, "name": "SUV - Full Car Ceramic Coating (3 Years Warranty)", "price": "1500.00"}}, {"model": "job_cards.service", "pk": 47, "fields": {"category": 2, "name": "Sedan - Full Car Ceramic Coating (5 Years Warranty)", "price": "2000.00"}}, {"model": "job_cards.service", "pk": 48, "fields": {"category": 2, "name": "SUV - Full Car Ceramic Coating (5 Years Warranty)", "price": "2500.00"}}, {"model": "job_cards.service", "pk": 49, "fields": {"category": 2, "name": "Sedan - Full Car Exterior Ceramic Coating (2 Years)", "price": "800.00"}}, {"model": "job_cards.service", "pk": 50, "fields": {"category": 2, "name": "SUV - Full Car Exterior Ceramic Coating (2 Years)", "price": "1000.00"}}, {"model": "job_cards.service", "pk": 51, "fields": {"category": 2, "name": "Sedan - Full Car Exterior Ceramic Coating (3 Years)", "price": "1000.00"}}, {"model": "job_cards.service", "pk": 52, "fields": {"category": 2, "name": "SUV - Full Car Exterior Ceramic Coating (3 Years)", "price": "1300.00"}}, {"model": "job_cards.service", "pk": 53, "fields": {"category": 2, "name": "Sedan - Full Car Exterior Ceramic Coating (5 Years)", "price": "1600.00"}}, {"model": "job_cards.service", "pk": 54, "fields": {"category": 2, "name": "SUV - Full Car Exterior Ceramic Coating (5 Years)", "price": "2000.00"}}, {"model": "job_cards.service", "pk": 55, "fields": {"category": 2, "name": "Sedan - Full Car Interior Ceramic Coating (2 Years)", "price": "600.00"}}, {"model": "job_cards.service", "pk": 56, "fields": {"category": 2, "name": "SUV - Full Car Interior Ceramic Coating (2 Years)", "price": "800.00"}}, {"model": "job_cards.service", "pk": 57, "fields": {"category": 2, "name": "Ceramic Coating for 1 Panel (No Warranty)", "price": "300.00"}}, {"model": "job_cards.service", "pk": 58, "fields": {"category": 2, "name": "Exterior Ceramic Maintenance + Interior Sedan - 1st Service", "price": "200.00"}}, {"model": "job_cards.service", "pk": 59, "fields": {"category": 2, "name": "Exterior Ceramic Maintenance + Interior Sedan - 2nd Service", "price": "200.00"}}, {"model": "job_cards.service", "pk": 60, "fields": {"category": 2, "name": "Exterior Ceramic Maintenance + Interior Sedan - 3rd Service", "price": "200.00"}}, {"model": "job_cards.service", "pk": 61, "fields": {"category": 2, "name": "Exterior Ceramic Maintenance + Interior Sedan - 4th Service", "price": "200.00"}}, {"model": "job_cards.service", "pk": 62, "fields": {"category": 2, "name": "Exterior Ceramic Maintenance + Interior SUV - 2nd Service", "price": "250.00"}}, {"model": "job_cards.service", "pk": 63, "fields": {"category": 2, "name": "Exterior Ceramic Maintenance + Interior SUV - 3rd Service", "price": "250.00"}}, {"model": "job_cards.service", "pk": 64, "fields": {"category": 2, "name": "Exterior Ceramic Maintenance + Interior SUV - 4th Service", "price": "250.00"}}, {"model": "job_cards.service", "pk": 65, "fields": {"category": 3, "name": "1 Rim Painting", "price": "150.00"}}, {"model": "job_cards.service", "pk": 66, "fields": {"category": 3, "name": "2 Rim Painting", "price": "300.00"}}, {"model": "job_cards.service", "pk": 67, "fields": {"category": 3, "name": "3 Rim Painting", "price": "450.00"}}, {"model": "job_cards.service", "pk": 68, "fields": {"category": 3, "name": "4 Rim Painting", "price": "600.00"}}, {"model": "job_cards.service", "pk": 69, "fields": {"category": 3, "name": "1 Rim Painting (Double Color)", "price": "300.00"}}, {"model": "job_cards.service", "pk": 70, "fields": {"category": 3, "name": "2 Rim Painting (Double Color)", "price": "600.00"}}, {"model": "job_cards.service", "pk": 71, "fields": {"category": 3, "name": "3 Rim Painting (Double Color)", "price": "900.00"}}, {"model": "job_cards.service", "pk": 72, "fields": {"category": 3, "name": "4 Rim Painting (Double Color)", "price": "1200.00"}}, {"model": "job_cards.service", "pk": 73, "fields": {"category": 3, "name": "Calliper Paint", "price": "400.00"}}, {"model": "job_cards.service", "pk": 74, "fields": {"category": 3, "name": "Reflective Calliper Paint", "price": "800.00"}}, {"model": "job_cards.service", "pk": 75, "fields": {"category": 3, "name": "Calliper Paint With Sticker", "price": "500.00"}}, {"model": "job_cards.service", "pk": 76, "fields": {"category": 3, "name": "Reflective Calliper Paint With Sticker", "price": "900.00"}}, {"model": "job_cards.service", "pk": 77, "fields": {"category": 3, "name": "Bonnet Paint", "price": "500.00"}}, {"model": "job_cards.service", "pk": 78, "fields": {"category": 3, "name": "Front Bumper Paint", "price": "350.00"}}, {"model": "job_cards.service", "pk": 79, "fields": {"category": 3, "name": "Front RHS Fender Paint", "price": "350.00"}}, {"model": "job_cards.service", "pk": 80, "fields": {"category": 3, "name": "Front LHS Fender Paint", "price": "350.00"}}, {"model": "job_cards.service", "pk": 81, "fields": {"category": 3, "name": "Front RHS Door Paint", "price": "350.00"}}, {"model": "job_cards.service", "pk": 82, "fields": {"category": 3, "name": "Front LHS Door Paint", "price": "350.00"}}, {"model": "job_cards.service", "pk": 83, "fields": {"category": 3, "name": "LHS Skirt Paint", "price": "250.00"}}, {"model": "job_cards.service", "pk": 84, "fields": {"category": 3, "name": "RHS Skirt Paint", "price": "250.00"}}, {"model": "job_cards.service", "pk": 85, "fields": {"category": 3, "name": "Roof Paint", "price": "700.00"}}, {"model": "job_cards.service", "pk": 86, "fields": {"category": 3, "name": "Rear RHS Door Paint", "price": "350.00"}}, {"model": "job_cards.service", "pk": 87, "fields": {"category": 3, "name": "Rear LHS Door Paint", "price": "350.00"}}, {"model": "job_cards.service", "pk": 88, "fields": {"category": 3, "name": "Trunk Paint", "price": "500.00"}}, {"model": "job_cards.service", "pk": 89, "fields": {"category": 3, "name": "Rear Bumper Paint", "price": "350.00"}}, {"model": "job_cards.service", "pk": 90, "fields": {"category": 3, "name": "Interior Part Paint (ANY)", "price": "200.00"}}, {"model": "job_cards.service", "pk": 91, "fields": {"category": 3, "name": "Full Sedan Car Paint (Exterior Only)", "price": "4000.00"}}, {"model": "job_cards.service", "pk": 92, "fields": {"category": 3, "name": "Full Sedan Car Paint (Exterior + Interior)", "price": "5000.00"}}, {"model": "job_cards.service", "pk": 93, "fields": {"category": 3, "name": "Full Sedan Car Paint (Accidental Car)", "price": "6000.00"}}, {"model": "job_cards.service", "pk": 94, "fields": {"category": 3, "name": "Full SUV Car Paint (Exterior Only)", "price": "5000.00"}}, {"model": "job_cards.service", "pk": 95, "fields": {"category": 3, "name": "Full SUV Car Paint (Exterior + Interior)", "price": "6000.00"}}, {"model": "job_cards.service", "pk": 96, "fields": {"category": 3, "name": "Black Edition", "price": "1500.00"}}, {"model": "job_cards.service", "pk": 97, "fields": {"category": 3, "name": "Black Edition With Rims", "price": "2200.00"}}, {"model": "job_cards.service", "pk": 98, "fields": {"category": 3, "name": "Black Edition With Rims & Callipers", "price": "2500.00"}}, {"model": "job_cards.service", "pk": 99, "fields": {"category": 3, "name": "Rust Proofing", "price": "1000.00"}}, {"model": "job_cards.service", "pk": 100, "fields": {"category": 4, "name": "Sedan - Front Package PPF (Bumper, Bonnet, Fenders, Mirror, Headlight)", "price": "2500.00"}}, {"model": "job_cards.service", "pk": 101, "fields": {"category": 4, "name": "SUV - Front Package PPF (Bumper, Bonnet, Fenders, Mirror, Headlight)", "price": "3000.00"}}, {"model": "job_cards.service", "pk": 102, "fields": {"category": 4, "name": "Sedan - Full Car PPF Elite Pro 6.5mil Gloss (5 Years)", "price": "5000.00"}}, {"model": "job_cards.service", "pk": 103, "fields": {"category": 4, "name": "SUV - Full Car PPF Elite Pro 6.5mil Gloss (5 Years)", "price": "6000.00"}}, {"model": "job_cards.service", "pk": 104, "fields": {"category": 4, "name": "Sedan - Full Car PPF Elite Pro 8.5mil Gloss (10 Years)", "price": "8000.00"}}, {"model": "job_cards.service", "pk": 105, "fields": {"category": 4, "name": "SUV - Full Car PPF Elite Pro 8.5mil Gloss (10 Years)", "price": "9000.00"}}, {"model": "job_cards.service", "pk": 106, "fields": {"category": 4, "name": "Door Edge PPF", "price": "200.00"}}, {"model": "job_cards.service", "pk": 107, "fields": {"category": 4, "name": "Headlight PPF", "price": "300.00"}}, {"model": "job_cards.service", "pk": 108, "fields": {"category": 4, "name": "Both Side Mirror PPF", "price": "400.00"}}, {"model": "bookings.booking", "pk": 1, "fields": {"customer_name": "Tony Stark 112757", "customer_profile": null, "phone": "+971 50 777 8888", "v_registration_no": "", "vehicle_details": "Audi R8", "service_category": null, "booking_date": "2026-01-27", "booking_time": "10:00:00", "advisor": null, "related_lead": null, "estimated_total": "0.00", "status": "ARRIVED", "notes": "", "signature_data": null, "created_at": "2026-01-26T11:27:57.694Z"}}, {"model": "bookings.booking", "pk": 2, "fields": {"customer_name": "Tony Stark 112821", "customer_profile": null, "phone": "+971 50 777 8888", "v_registration_no": "", "vehicle_details": "Audi R8", "service_category": null, "booking_date": "2026-01-27", "booking_time": "10:00:00", "advisor": null, "related_lead": null, "estimated_total": "0.00", "status": "PENDING", "notes": "", "signature_data": null, "created_at": "2026-01-26T11:28:21.915Z"}}, {"model": "leads.lead", "pk": 1, "fields": {"customer_name": "Peter Parker", "phone": "+971 44 112821", "email": "", "source": "INSTAGRAM", "interested_service": "Window Tinting", "priority": "MEDIUM", "estimated_value": "0.00", "assigned_to": null, "customer_profile": null, "follow_up_date": null, "notes": "", "status": "NEW", "created_at": "2026-01-26T11:28:21.920Z", "updated_at": "2026-01-27T04:09:31.096Z"}}, {"model": "leads.lead", "pk": 2, "fields": {"customer_name": "John Doe", "phone": "+971501234567", "email": "john.doe@example.com", "source": "INSTAGRAM", "interested_service": "Gold Package Detailing - BMW 3 Series", "priority": "MEDIUM", "estimated_value": "0.00", "assigned_to": null, "customer_profile": null, "follow_up_date": null, "notes": "Customer wants deep polishing and interior ceramic coating.", "status": "NEW", "created_at": "2026-01-26T23:31:24.209Z", "updated_at": "2026-01-27T04:09:31.096Z"}}, {"model": "leads.lead", "pk": 3, "fields": {"customer_name": "MrShaan", "phone": "+971657654456", "email": "shan@yahoo.com", "source": "FACEBOOK", "interested_service": "Detailing", "priority": "MEDIUM", "estimated_value": "0.00", "assigned_to": null, "customer_profile": null, "follow_up_date": null, "notes": "need proper explanation", "status": "New", "created_at": "2026-01-26T23:45:01.797Z", "updated_at": "2026-01-27T04:09:31.096Z"}}, {"model": "leads.lead", "pk": 4, "fields": {"customer_name": "Michael Chen", "phone": "+971 51 515 7244", "email": "michael.chen@example.com", "source": "WALKIN", "interested_service": "Wheels Refurbishment", "priority": "HIGH", "estimated_value": "13587.00", "assigned_to": 5, "customer_profile": null, "follow_up_date": null, "notes": "Simulated lead from WALKIN. Interested in Wheels Refurbishment. High potential customer.", "status": "NEGOTIATION", "created_at": "2026-01-13T12:58:37.000Z", "updated_at": "2026-01-27T12:58:37.001Z"}}, {"model": "leads.lead", "pk": 5, "fields": {"customer_name": "Sheikh Mohammed", "phone": "+971 55 833 5189", "email": "sheikh.mohammed@example.com", "source": "WEBSITE", "interested_service": "Full Body PPF (Gloss)", "priority": "HIGH", "estimated_value": "2213.00", "assigned_to": 5, "customer_profile": null, "follow_up_date": null, "notes": "Simulated lead from WEBSITE. Interested in Full Body PPF (Gloss). High potential customer.", "status": "QUOTED", "created_at": "2026-01-14T12:58:37.007Z", "updated_at": "2026-01-27T12:58:37.008Z"}}, {"model": "leads.lead", "pk": 6, "fields": {"customer_name": "Sarah Jenkins", "phone": "+971 56 361 2862", "email": "sarah.jenkins@example.com", "source": "WHATSAPP", "interested_service": "Full De-Chrome", "priority": "HIGH", "estimated_value": "2353.00", "assigned_to": 5, "customer_profile": null, "follow_up_date": null, "notes": "Simulated lead from WHATSAPP. Interested in Full De-Chrome. High potential customer.", "status": "NEW", "created_at": "2026-01-20T12:58:37.020Z", "updated_at": "2026-01-27T12:58:37.021Z"}}, {"model": "leads.lead", "pk": 7, "fields": {"customer_name": "Sarah Jenkins", "phone": "+971 52 260 9159", "email": "sarah.jenkins@example.com", "source": "WEBSITE", "interested_service": "Wheels Refurbishment", "priority": "HIGH", "estimated_value": "15499.00", "assigned_to": null, "customer_profile": null, "follow_up_date": null, "notes": "Simulated lead from WEBSITE. Interested in Wheels Refurbishment. High potential customer.", "status": "QUOTED", "created_at": "2025-12-30T12:58:37.027Z", "updated_at": "2026-01-27T12:58:37.028Z"}}, {"model": "leads.lead", "pk": 8, "fields": {"customer_name": "Michael Chen", "phone": "+971 58 260 3916", "email": "michael.chen@example.com", "source": "WHATSAPP", "interested_service": "Interior Detailing", "priority": "LOW", "estimated_value": "6895.00", "assigned_to": null, "customer_profile": null, "follow_up_date": null, "notes": "Simulated lead from WHATSAPP. Interested in Interior Detailing. High potential customer.", "status": "NEGOTIATION", "created_at": "2025-12-31T12:58:37.035Z", "updated_at": "2026-01-27T12:58:37.035Z"}}, {"model": "leads.lead", "pk": 9, "fields": {"customer_name": "Ahmed Al Falasi", "phone": "+971 59 216 2640", "email": "ahmed.al.falasi@example.com", "source": "INSTAGRAM", "interested_service": "Window Tinting (Ceramic)", "priority": "MEDIUM", "estimated_value": "9885.00", "assigned_to": null, "customer_profile": null, "follow_up_date": null, "notes": "Simulated lead from INSTAGRAM. Interested in Window Tinting (Ceramic). High potential customer.", "status": "NEGOTIATION", "created_at": "2026-01-15T12:58:37.042Z", "updated_at": "2026-01-27T12:58:37.042Z"}}, {"model": "leads.lead", "pk": 10, "fields": {"customer_name": "David Miller", "phone": "+971 50 385 9891", "email": "david.miller@example.com", "source": "WALKIN", "interested_service": "Roof Wrap (Carbon Fiber)", "priority": "MEDIUM", "estimated_value": "2518.00", "assigned_to": null, "customer_profile": null, "follow_up_date": null, "notes": "Simulated lead from WALKIN. Interested in Roof Wrap (Carbon Fiber). High potential customer.", "status": "CONTACTED", "created_at": "2026-01-16T12:58:37.048Z", "updated_at": "2026-01-27T12:58:37.048Z"}}, {"model": "leads.lead", "pk": 11, "fields": {"customer_name": "James Bond", "phone": "+971 54 592 7559", "email": "james.bond@example.com", "source": "REFERRAL", "interested_service": "Brake Caliper Painting", "priority": "LOW", "estimated_value": "11797.00", "assigned_to": null, "customer_profile": null, "follow_up_date": null, "notes": "Simulated lead from REFERRAL. Interested in Brake Caliper Painting. High potential customer.", "status": "NEW", "created_at": "2026-01-16T12:58:37.056Z", "updated_at": "2026-01-27T12:58:37.057Z"}}, {"model": "leads.lead", "pk": 12, "fields": {"customer_name": "Sheikh Mohammed", "phone": "+971 55 381 7817", "email": "sheikh.mohammed@example.com", "source": "WHATSAPP", "interested_service": "Full Body PPF (Gloss)", "priority": "HOT", "estimated_value": "16887.00", "assigned_to": 5, "customer_profile": null, "follow_up_date": null, "notes": "Simulated lead from WHATSAPP. Interested in Full Body PPF (Gloss). High potential customer.", "status": "QUOTED", "created_at": "2026-01-08T12:58:37.062Z", "updated_at": "2026-01-27T12:58:37.063Z"}}, {"model": "leads.lead", "pk": 13, "fields": {"customer_name": "Sarah Jenkins", "phone": "+971 59 950 6619", "email": "sarah.jenkins@example.com", "source": "WEBSITE", "interested_service": "Full Body PPF (Gloss)", "priority": "HIGH", "estimated_value": "19861.00", "assigned_to": null, "customer_profile": null, "follow_up_date": null, "notes": "Simulated lead from WEBSITE. Interested in Full Body PPF (Gloss). High potential customer.", "status": "QUOTED", "created_at": "2026-01-08T12:58:37.071Z", "updated_at": "2026-01-27T12:58:37.072Z"}}, {"model": "leads.lead", "pk": 14, "fields": {"customer_name": "Elena Rodriguez", "phone": "+971 52 230 5494", "email": "elena.rodriguez@example.com", "source": "FACEBOOK", "interested_service": "Full Body PPF (Gloss)", "priority": "MEDIUM", "estimated_value": "19790.00", "assigned_to": 5, "customer_profile": null, "follow_up_date": null, "notes": "Simulated lead from FACEBOOK. Interested in Full Body PPF (Gloss). High potential customer.", "status": "CONTACTED", "created_at": "2026-01-06T12:58:37.077Z", "updated_at": "2026-01-27T12:58:37.077Z"}}, {"model": "leads.lead", "pk": 15, "fields": {"customer_name": "Elon Musk", "phone": "+971 57 692 5281", "email": "elon.musk@example.com", "source": "WALKIN", "interested_service": "Interior Detailing", "priority": "HIGH", "estimated_value": "21984.00", "assigned_to": 5, "customer_profile": null, "follow_up_date": null, "notes": "Simulated lead from WALKIN. Interested in Interior Detailing. High potential customer.", "status": "NEGOTIATION", "created_at": "2026-01-07T12:58:37.086Z", "updated_at": "2026-01-27T12:58:37.087Z"}}, {"model": "leads.lead", "pk": 16, "fields": {"customer_name": "James Bond", "phone": "+971 56 246 2690", "email": "james.bond@example.com", "source": "WEBSITE", "interested_service": "Brake Caliper Painting", "priority": "MEDIUM", "estimated_value": "12488.00", "assigned_to": null, "customer_profile": null, "follow_up_date": null, "notes": "Simulated lead from WEBSITE. Interested in Brake Caliper Painting. High potential customer.", "status": "CONTACTED", "created_at": "2025-12-31T12:58:37.095Z", "updated_at": "2026-01-27T12:58:37.095Z"}}, {"model": "leads.lead", "pk": 17, "fields": {"customer_name": "Sarah Jenkins", "phone": "+971 55 346 1049", "email": "sarah.jenkins@example.com", "source": "WHATSAPP", "interested_service": "Roof Wrap (Carbon Fiber)", "priority": "LOW", "estimated_value": "9332.00", "assigned_to": 5, "customer_profile": null, "follow_up_date": null, "notes": "Simulated lead from WHATSAPP. Interested in Roof Wrap (Carbon Fiber). High potential customer.", "status": "NEGOTIATION", "created_at": "2026-01-22T12:58:37.101Z", "updated_at": "2026-01-27T12:58:37.102Z"}}, {"model": "leads.lead", "pk": 18, "fields": {"customer_name": "Elena Rodriguez", "phone": "+971 50 444 2049", "email": "elena.rodriguez@example.com", "source": "FACEBOOK", "interested_service": "Wheels Refurbishment", "priority": "LOW", "estimated_value": "1169.00", "assigned_to": 5, "customer_profile": null, "follow_up_date": null, "notes": "Simulated lead from FACEBOOK. Interested in Wheels Refurbishment. High potential customer.", "status": "CONTACTED", "created_at": "2026-01-02T12:58:37.108Z", "updated_at": "2026-01-27T12:58:37.109Z"}}, {"model": "leads.lead", "pk": 19, "fields": {"customer_name": "Zayed Rashid", "phone": "+971 58 304 6219", "email": "zayed.rashid@example.com", "source": "REFERRAL", "interested_service": "Leather Restoration", "priority": "LOW", "estimated_value": "17167.00", "assigned_to": null, "customer_profile": null, "follow_up_date": null, "notes": "Simulated lead from REFERRAL. Interested in Leather Restoration. High potential customer.", "status": "NEGOTIATION", "created_at": "2026-01-22T12:58:37.114Z", "updated_at": "2026-01-27T12:58:37.114Z"}}, {"model": "leads.lead", "pk": 20, "fields": {"customer_name": "Sarah Jenkins", "phone": "+971 59 607 3924", "email": "sarah.jenkins@example.com", "source": "WHATSAPP", "interested_service": "Window Tinting (Ceramic)", "priority": "MEDIUM", "estimated_value": "9551.00", "assigned_to": null, "customer_profile": null, "follow_up_date": null, "notes": "Simulated lead from WHATSAPP. Interested in Window Tinting (Ceramic). High potential customer.", "status": "CONTACTED", "created_at": "2026-01-17T12:58:37.120Z", "updated_at": "2026-01-27T12:58:37.120Z"}}, {"model": "leads.lead", "pk": 21, "fields": {"customer_name": "Sheikh Mohammed", "phone": "+971 50 238 5023", "email": "sheikh.mohammed@example.com", "source": "WEBSITE", "interested_service": "Roof Wrap (Carbon Fiber)", "priority": "LOW", "estimated_value": "14827.00", "assigned_to": 5, "customer_profile": null, "follow_up_date": null, "notes": "Simulated lead from WEBSITE. Interested in Roof Wrap (Carbon Fiber). High potential customer.", "status": "CONTACTED", "created_at": "2026-01-02T12:58:37.126Z", "updated_at": "2026-01-27T12:58:37.126Z"}}, {"model": "leads.lead", "pk": 22, "fields": {"customer_name": "Zayed Rashid", "phone": "+971 56 203 5881", "email": "zayed.rashid@example.com", "source": "WEBSITE", "interested_service": "Leather Restoration", "priority": "MEDIUM", "estimated_value": "4966.00", "assigned_to": null, "customer_profile": null, "follow_up_date": null, "notes": "Simulated lead from WEBSITE. Interested in Leather Restoration. High potential customer.", "status": "NEGOTIATION", "created_at": "2026-01-21T12:58:37.131Z", "updated_at": "2026-01-27T12:58:37.131Z"}}, {"model": "leads.lead", "pk": 23, "fields": {"customer_name": "James Bond", "phone": "+971 53 606 2706", "email": "james.bond@example.com", "source": "WEBSITE", "interested_service": "Roof Wrap (Carbon Fiber)", "priority": "HIGH", "estimated_value": "10937.00", "assigned_to": null, "customer_profile": null, "follow_up_date": null, "notes": "Simulated lead from WEBSITE. Interested in Roof Wrap (Carbon Fiber). High potential customer.", "status": "NEW", "created_at": "2026-01-07T12:58:37.138Z", "updated_at": "2026-01-27T12:58:37.138Z"}}, {"model": "leads.lead", "pk": 24, "fields": {"customer_name": "Real Test User", "phone": "+971501234567", "email": "", "source": "WHATSAPP", "interested_service": "Interested in Ceramic Coating package", "priority": "MEDIUM", "estimated_value": "0.00", "assigned_to": null, "customer_profile": null, "follow_up_date": null, "notes": "Automated Lead from WhatsApp Webhook.\nMessage: Interested in Ceramic Coating package", "status": "NEW", "created_at": "2026-01-27T13:08:59.409Z", "updated_at": "2026-01-27T13:08:59.409Z"}}, {"model": "invoices.invoice", "pk": 1, "fields": {"job_card": 2, "invoice_number": "INV-2024-001", "date": "2026-01-26", "customer_name": "Bruce Wayne", "customer_trn": "", "items": "Full Car PPF - 10 Year Warranty|1|12000", "total_amount": "12000.00", "vat_amount": "600.00", "grand_total": "12600.00", "payment_status": "PAID", "department_ref": null, "department": "OPERATIONS", "finance_transaction": null, "signature_data": null, "created_at": "2026-01-26T11:27:11.996Z"}}, {"model": "invoices.invoice", "pk": 2, "fields": {"job_card": 4, "invoice_number": "INV-SEED-112757", "date": "2026-01-26", "customer_name": "Bruce Wayne", "customer_trn": "", "items": "Full Car PPF - 10 Year Warranty|1|12000", "total_amount": "12000.00", "vat_amount": "600.00", "grand_total": "12600.00", "payment_status": "PAID", "department_ref": null, "department": "OPERATIONS", "finance_transaction": null, "signature_data": null, "created_at": "2026-01-26T11:27:57.686Z"}}, {"model": "invoices.invoice", "pk": 3, "fields": {"job_card": 6, "invoice_number": "INV-SEED-112821", "date": "2026-01-26", "customer_name": "Bruce Wayne", "customer_trn": "", "items": "Full Car PPF - 10 Year Warranty|1|12000", "total_amount": "12000.00", "vat_amount": "600.00", "grand_total": "12600.00", "payment_status": "PAID", "department_ref": null, "department": "OPERATIONS", "finance_transaction": null, "signature_data": null, "created_at": "2026-01-26T11:28:21.908Z"}}, {"model": "invoices.invoice", "pk": 4, "fields": {"job_card": 7, "invoice_number": "INV-JC-9999", "date": "2026-01-26", "customer_name": "John Doe", "customer_trn": "", "items": "Detailing Gold Package Transfer from Lead. Needs pickup at 10 AM.", "total_amount": "0.00", "vat_amount": "0.00", "grand_total": "0.00", "payment_status": "PAID", "department_ref": null, "department": "OPERATIONS", "finance_transaction": 2, "signature_data": null, "created_at": "2026-01-27T00:31:51.026Z"}}, {"model": "invoices.invoice", "pk": 5, "fields": {"job_card": 8, "invoice_number": "INV-JC-4445", "date": "2026-01-27", "customer_name": "rasfgj", "customer_trn": "", "items": "no \n\nSelected Services:\n- Sedan - Full Car Detailing (Interior + Exterior) - Silver Package", "total_amount": "300.00", "vat_amount": "0.00", "grand_total": "300.00", "payment_status": "PENDING", "department_ref": null, "department": "OPERATIONS", "finance_transaction": null, "signature_data": null, "created_at": "2026-01-27T04:43:01.673Z"}}, {"model": "invoices.invoice", "pk": 6, "fields": {"job_card": 9, "invoice_number": "INV-JC-6942", "date": "2026-01-27", "customer_name": "raanviti", "customer_trn": "", "items": "no\n\nSelected Services:\n- Sedan - Full Car Ceramic Coating (3 Years Warranty)", "total_amount": "1300.00", "vat_amount": "0.00", "grand_total": "1300.00", "payment_status": "PENDING", "department_ref": null, "department": "OPERATIONS", "finance_transaction": null, "signature_data": null, "created_at": "2026-01-27T04:48:42.791Z"}}, {"model": "invoices.invoice", "pk": 7, "fields": {"job_card": null, "invoice_number": "TEST-INV-100", "date": "2026-01-27", "customer_name": "Test Customer", "customer_trn": "", "items": "Item 1|1|100", "total_amount": "100.00", "vat_amount": "5.00", "grand_total": "105.00", "payment_status": "PAID", "department_ref": null, "department": "OPERATIONS", "finance_transaction": null, "signature_data": null, "created_at": "2026-01-27T11:37:26.347Z"}}, {"model": "invoices.invoice", "pk": 8, "fields": {"job_card": 11, "invoice_number": "INV-JC-2438", "date": "2026-01-28", "customer_name": "Ruchika", "customer_trn": "", "items": "Selected Services:\n- SUV - Full Car Ceramic Coating (5 Years Warranty) (AED 2500)\n- Sedan - Full Car Ceramic Coating (5 Years Warranty) (AED 2000)\n- Sedan - Full Car Ceramic Coating (2 Years Warranty) (AED 1000)", "total_amount": "5500.00", "vat_amount": "275.00", "grand_total": "5775.00", "payment_status": "PAID", "department_ref": null, "department": "OPERATIONS", "finance_transaction": 4, "signature_data": null, "created_at": "2026-01-28T06:12:36.567Z"}}, {"model": "pick_and_drop.pickanddrop", "pk": 1, "fields": {"customer_name": "John Doe", "phone": "+971501234567", "vehicle_brand": "", "vehicle_model": "", "license_plate": "", "pickup_location": "Downtown Dubai, Mall of Emirates Area", "drop_off_location": "Elite Shine Workshop, Al Quoz", "scheduled_time": "2026-01-27T10:00:00Z", "driver": null, "job_card": null, "status": "SCHEDULED", "notes": "", "created_at": "2026-01-26T23:31:24.214Z"}}, {"model": "pick_and_drop.pickanddrop", "pk": 2, "fields": {"customer_name": "John Doe", "phone": "+971501234567", "vehicle_brand": "", "vehicle_model": "", "license_plate": "", "pickup_location": "Downtown Dubai, Mall of Emirates Area", "drop_off_location": "Elite Shine Workshop, Al Quoz", "scheduled_time": "2026-01-28T10:00:00Z", "driver": null, "job_card": null, "status": "SCHEDULED", "notes": "", "created_at": "2026-01-27T00:08:22.160Z"}}, {"model": "finance.account", "pk": 1, "fields": {"code": "1010", "name": "Cash on Hand", "category": "Asset - Current", "description": null, "balance": "0.00"}}, {"model": "finance.account", "pk": 2, "fields": {"code": "1020", "name": "Bank Account  Operating", "category": "Asset - Current", "description": null, "balance": "0.00"}}, {"model": "finance.account", "pk": 3, "fields": {"code": "1021", "name": "Bank Account  POS Collections", "category": "Asset - Current", "description": null, "balance": "0.00"}}, {"model": "finance.account", "pk": 4, "fields": {"code": "1030", "name": "Accounts Receivable  Customers", "category": "Asset - Current", "description": null, "balance": "0.00"}}, {"model": "finance.account", "pk": 5, "fields": {"code": "1040", "name": "Advance to Employees", "category": "Asset - Current", "description": null, "balance": "0.00"}}, {"model": "finance.account", "pk": 6, "fields": {"code": "1050", "name": "Petty Cash", "category": "Asset - Current", "description": null, "balance": "0.00"}}, {"model": "finance.account", "pk": 7, "fields": {"code": "1060", "name": "Customer Deposit / Advance Received", "category": "Asset - Current", "description": null, "balance": "0.00"}}, {"model": "finance.account", "pk": 8, "fields": {"code": "1070", "name": "VAT Input Credit", "category": "Asset - Current", "description": null, "balance": "0.00"}}, {"model": "finance.account", "pk": 9, "fields": {"code": "1080", "name": "Inventory  Detailing Materials", "category": "Asset - Current", "description": null, "balance": "0.00"}}, {"model": "finance.account", "pk": 10, "fields": {"code": "1081", "name": "Inventory  Ceramic Coating", "category": "Asset - Current", "description": null, "balance": "0.00"}}, {"model": "finance.account", "pk": 11, "fields": {"code": "1082", "name": "Inventory  PPF Rolls", "category": "Asset - Current", "description": null, "balance": "0.00"}}, {"model": "finance.account", "pk": 12, "fields": {"code": "1083", "name": "Inventory  Paint & Chemical Material", "category": "Asset - Current", "description": null, "balance": "0.00"}}, {"model": "finance.account", "pk": 13, "fields": {"code": "1084", "name": "Inventory  Tools & Consumables", "category": "Asset - Current", "description": null, "balance": "0.00"}}, {"model": "finance.account", "pk": 14, "fields": {"code": "1090", "name": "Prepaid Expenses", "category": "Asset - Current", "description": null, "balance": "0.00"}}, {"model": "finance.account", "pk": 15, "fields": {"code": "1200", "name": "Machinery & Workshop Equipment", "category": "Asset - Fixed", "description": null, "balance": "0.00"}}, {"model": "finance.account", "pk": 16, "fields": {"code": "1210", "name": "Polishing Machines / Buffers", "category": "Asset - Fixed", "description": null, "balance": "0.00"}}, {"model": "finance.account", "pk": 17, "fields": {"code": "1220", "name": "PPF Plotter Machine", "category": "Asset - Fixed", "description": null, "balance": "0.00"}}, {"model": "finance.account", "pk": 18, "fields": {"code": "1230", "name": "Paint Booth", "category": "Asset - Fixed", "description": null, "balance": "0.00"}}, {"model": "finance.account", "pk": 19, "fields": {"code": "1240", "name": "AC Jacks / Lifts", "category": "Asset - Fixed", "description": null, "balance": "0.00"}}, {"model": "finance.account", "pk": 20, "fields": {"code": "1250", "name": "Furniture & Fixtures", "category": "Asset - Fixed", "description": null, "balance": "0.00"}}, {"model": "finance.account", "pk": 21, "fields": {"code": "1260", "name": "Computers & IT Equipment", "category": "Asset - Fixed", "description": null, "balance": "0.00"}}, {"model": "finance.account", "pk": 22, "fields": {"code": "1270", "name": "Motor Vehicles (Company Use)", "category": "Asset - Fixed", "description": null, "balance": "0.00"}}, {"model": "finance.account", "pk": 23, "fields": {"code": "1280", "name": "Leasehold Improvements", "category": "Asset - Fixed", "description": null, "balance": "0.00"}}, {"model": "finance.account", "pk": 24, "fields": {"code": "1290", "name": "Accumulated Depreciation", "category": "Asset - Fixed", "description": null, "balance": "0.00"}}, {"model": "finance.account", "pk": 25, "fields": {"code": "2010", "name": "Accounts Payable  Suppliers", "category": "Liability - Current", "description": null, "balance": "0.00"}}, {"model": "finance.account", "pk": 26, "fields": {"code": "2020", "name": "Staff Salary Payable", "category": "Liability - Current", "description": null, "balance": "0.00"}}, {"model": "finance.account", "pk": 27, "fields": {"code": "2030", "name": "End of Service Benefit (Accrued)", "category": "Liability - Current", "description": null, "balance": "0.00"}}, {"model": "finance.account", "pk": 28, "fields": {"code": "2040", "name": "Gratuity Provision", "category": "Liability - Current", "description": null, "balance": "0.00"}}, {"model": "finance.account", "pk": 29, "fields": {"code": "2050", "name": "VAT Payable", "category": "Liability - Current", "description": null, "balance": "0.00"}}, {"model": "finance.account", "pk": 30, "fields": {"code": "2060", "name": "Rent Payable", "category": "Liability - Current", "description": null, "balance": "0.00"}}, {"model": "finance.account", "pk": 31, "fields": {"code": "2070", "name": "Utilities Payable", "category": "Liability - Current", "description": null, "balance": "0.00"}}, {"model": "finance.account", "pk": 32, "fields": {"code": "2080", "name": "Customer Refund Payable", "category": "Liability - Current", "description": null, "balance": "0.00"}}, {"model": "finance.account", "pk": 33, "fields": {"code": "2090", "name": "Loan / Short Term Liability", "category": "Liability - Current", "description": null, "balance": "0.00"}}, {"model": "finance.account", "pk": 34, "fields": {"code": "2200", "name": "Bank Loan", "category": "Liability - Long Term", "description": null, "balance": "0.00"}}, {"model": "finance.account", "pk": 35, "fields": {"code": "2210", "name": "Equipment Finance Loan", "category": "Liability - Long Term", "description": null, "balance": "0.00"}}, {"model": "finance.account", "pk": 36, "fields": {"code": "2220", "name": "Vehicle Loan", "category": "Liability - Long Term", "description": null, "balance": "0.00"}}, {"model": "finance.account", "pk": 37, "fields": {"code": "3010", "name": "Owner Capital", "category": "Equity", "description": null, "balance": "0.00"}}, {"model": "finance.account", "pk": 38, "fields": {"code": "3020", "name": "Shareholder Drawings", "category": "Equity", "description": null, "balance": "0.00"}}, {"model": "finance.account", "pk": 39, "fields": {"code": "3030", "name": "Retained Earnings", "category": "Equity", "description": null, "balance": "0.00"}}, {"model": "finance.account", "pk": 40, "fields": {"code": "3040", "name": "Owner Contribution", "category": "Equity", "description": null, "balance": "0.00"}}, {"model": "finance.account", "pk": 41, "fields": {"code": "3050", "name": "Partner Loan Account", "category": "Equity", "description": null, "balance": "0.00"}}, {"model": "finance.account", "pk": 42, "fields": {"code": "4010", "name": "Car Detailing  Exterior", "category": "Revenue", "description": null, "balance": "0.00"}}, {"model": "finance.account", "pk": 43, "fields": {"code": "4011", "name": "Car Detailing  Interior", "category": "Revenue", "description": null, "balance": "0.00"}}, {"model": "finance.account", "pk": 44, "fields": {"code": "4012", "name": "Steam Wash / Deep Cleaning", "category": "Revenue", "description": null, "balance": "0.00"}}, {"model": "finance.account", "pk": 45, "fields": {"code": "4013", "name": "Engine Bay Cleaning", "category": "Revenue", "description": null, "balance": "0.00"}}, {"model": "finance.account", "pk": 46, "fields": {"code": "4014", "name": "Headlight Restoration", "category": "Revenue", "description": null, "balance": "0.00"}}, {"model": "finance.account", "pk": 47, "fields": {"code": "4015", "name": "Upholstery Shampoo / Seats Removal", "category": "Revenue", "description": null, "balance": "0.00"}}, {"model": "finance.account", "pk": 48, "fields": {"code": "4016", "name": "AC Cleaning / Ozone Treatment", "category": "Revenue", "description": null, "balance": "0.00"}}, {"model": "finance.account", "pk": 49, "fields": {"code": "4017", "name": "Polishing & Compounding", "category": "Revenue", "description": null, "balance": "0.00"}}, {"model": "finance.account", "pk": 50, "fields": {"code": "4018", "name": "Full Gold Package", "category": "Revenue", "description": null, "balance": "0.00"}}, {"model": "finance.account", "pk": 51, "fields": {"code": "4019", "name": "Silver Package", "category": "Revenue", "description": null, "balance": "0.00"}}, {"model": "finance.account", "pk": 52, "fields": {"code": "4100", "name": "PPF  Full Body", "category": "Revenue", "description": null, "balance": "0.00"}}, {"model": "finance.account", "pk": 53, "fields": {"code": "4101", "name": "PPF  Partial / Front", "category": "Revenue", "description": null, "balance": "0.00"}}, {"model": "finance.account", "pk": 54, "fields": {"code": "4102", "name": "PPF  Individual Panels", "category": "Revenue", "description": null, "balance": "0.00"}}, {"model": "finance.account", "pk": 55, "fields": {"code": "4103", "name": "PPF Material Sales", "category": "Revenue", "description": null, "balance": "0.00"}}, {"model": "finance.account", "pk": 56, "fields": {"code": "4200", "name": "Ceramic Coating Exterior", "category": "Revenue", "description": null, "balance": "0.00"}}, {"model": "finance.account", "pk": 57, "fields": {"code": "4201", "name": "Ceramic Coating Interior", "category": "Revenue", "description": null, "balance": "0.00"}}, {"model": "finance.account", "pk": 58, "fields": {"code": "4202", "name": "Ceramic Combo Package", "category": "Revenue", "description": null, "balance": "0.00"}}, {"model": "finance.account", "pk": 59, "fields": {"code": "4300", "name": "Window Tint  Premium", "category": "Revenue", "description": null, "balance": "0.00"}}, {"model": "finance.account", "pk": 60, "fields": {"code": "4301", "name": "Window Tint  Standard", "category": "Revenue", "description": null, "balance": "0.00"}}, {"model": "finance.account", "pk": 61, "fields": {"code": "4302", "name": "Sunroof Tinting", "category": "Revenue", "description": null, "balance": "0.00"}}, {"model": "finance.account", "pk": 62, "fields": {"code": "4400", "name": "Denting & Painting (Per Panel)", "category": "Revenue", "description": null, "balance": "0.00"}}, {"model": "finance.account", "pk": 63, "fields": {"code": "4401", "name": "Full Body Painting", "category": "Revenue", "description": null, "balance": "0.00"}}, {"model": "finance.account", "pk": 64, "fields": {"code": "4402", "name": "Alloy Wheel Painting", "category": "Revenue", "description": null, "balance": "0.00"}}, {"model": "finance.account", "pk": 65, "fields": {"code": "4403", "name": "Touch-Up Jobs", "category": "Revenue", "description": null, "balance": "0.00"}}, {"model": "finance.account", "pk": 66, "fields": {"code": "4404", "name": "Insurance Jobs", "category": "Revenue", "description": null, "balance": "0.00"}}, {"model": "finance.account", "pk": 67, "fields": {"code": "4405", "name": "Smart Repair & Spot Repair", "category": "Revenue", "description": null, "balance": "0.00"}}, {"model": "finance.account", "pk": 68, "fields": {"code": "4500", "name": "Pick & Drop Charges", "category": "Revenue", "description": null, "balance": "0.00"}}, {"model": "finance.account", "pk": 69, "fields": {"code": "4501", "name": "Accessories Sales", "category": "Revenue", "description": null, "balance": "0.00"}}, {"model": "finance.account", "pk": 70, "fields": {"code": "4502", "name": "Polishing Pads / Materials Sales", "category": "Revenue", "description": null, "balance": "0.00"}}, {"model": "finance.account", "pk": 71, "fields": {"code": "4503", "name": "Corporate Accounts", "category": "Revenue", "description": null, "balance": "0.00"}}, {"model": "finance.account", "pk": 72, "fields": {"code": "4504", "name": "Re-Inspection / Warranty Charges", "category": "Revenue", "description": null, "balance": "0.00"}}, {"model": "finance.account", "pk": 73, "fields": {"code": "4505", "name": "Membership Packages", "category": "Revenue", "description": null, "balance": "0.00"}}, {"model": "finance.account", "pk": 74, "fields": {"code": "5010", "name": "Detailing Chemicals Consumption", "category": "COGS", "description": null, "balance": "0.00"}}, {"model": "finance.account", "pk": 75, "fields": {"code": "5011", "name": "Ceramic Coating Bottles Usage", "category": "COGS", "description": null, "balance": "0.00"}}, {"model": "finance.account", "pk": 76, "fields": {"code": "5012", "name": "PPF Rolls Consumption", "category": "COGS", "description": null, "balance": "0.00"}}, {"model": "finance.account", "pk": 77, "fields": {"code": "5013", "name": "Paint & Thinner Consumption", "category": "COGS", "description": null, "balance": "0.00"}}, {"model": "finance.account", "pk": 78, "fields": {"code": "5014", "name": "Sandpaper / Consumables", "category": "COGS", "description": null, "balance": "0.00"}}, {"model": "finance.account", "pk": 79, "fields": {"code": "5015", "name": "Window Tint Film Consumption", "category": "COGS", "description": null, "balance": "0.00"}}, {"model": "finance.account", "pk": 80, "fields": {"code": "5016", "name": "Tools & Consumables Used", "category": "COGS", "description": null, "balance": "0.00"}}, {"model": "finance.account", "pk": 81, "fields": {"code": "5017", "name": "Freight & Import Charges", "category": "COGS", "description": null, "balance": "0.00"}}, {"model": "finance.account", "pk": 82, "fields": {"code": "5018", "name": "Inventory Adjustments", "category": "COGS", "description": null, "balance": "0.00"}}, {"model": "finance.account", "pk": 83, "fields": {"code": "6010", "name": "Staff Salaries", "category": "Expense", "description": null, "balance": "0.00"}}, {"model": "finance.account", "pk": 84, "fields": {"code": "6011", "name": "Technician Wages", "category": "Expense", "description": null, "balance": "0.00"}}, {"model": "finance.account", "pk": 85, "fields": {"code": "6012", "name": "Overtime Expense", "category": "Expense", "description": null, "balance": "0.00"}}, {"model": "finance.account", "pk": 86, "fields": {"code": "6013", "name": "Bonus / Incentives", "category": "Expense", "description": null, "balance": "0.00"}}, {"model": "finance.account", "pk": 87, "fields": {"code": "6014", "name": "Staff Accommodation", "category": "Expense", "description": null, "balance": "0.00"}}, {"model": "finance.account", "pk": 88, "fields": {"code": "6015", "name": "Staff Transportation", "category": "Expense", "description": null, "balance": "0.00"}}, {"model": "finance.account", "pk": 89, "fields": {"code": "6016", "name": "Visa / Medical / Insurance", "category": "Expense", "description": null, "balance": "0.00"}}, {"model": "finance.account", "pk": 90, "fields": {"code": "6017", "name": "Recruitment Costs", "category": "Expense", "description": null, "balance": "0.00"}}, {"model": "finance.account", "pk": 91, "fields": {"code": "6100", "name": "Rent", "category": "Expense", "description": null, "balance": "0.00"}}, {"model": "finance.account", "pk": 92, "fields": {"code": "6101", "name": "Water & Electricity", "category": "Expense", "description": null, "balance": "0.00"}}, {"model": "finance.account", "pk": 93, "fields": {"code": "6102", "name": "Internet & Phone", "category": "Expense", "description": null, "balance": "0.00"}}, {"model": "finance.account", "pk": 94, "fields": {"code": "6103", "name": "Workshop Maintenance", "category": "Expense", "description": null, "balance": "0.00"}}, {"model": "finance.account", "pk": 95, "fields": {"code": "6104", "name": "Machinery Repairs", "category": "Expense", "description": null, "balance": "0.00"}}, {"model": "finance.account", "pk": 96, "fields": {"code": "6105", "name": "Software / ERP / CRM", "category": "Expense", "description": null, "balance": "0.00"}}, {"model": "finance.account", "pk": 97, "fields": {"code": "6106", "name": "Office Supplies", "category": "Expense", "description": null, "balance": "0.00"}}, {"model": "finance.account", "pk": 98, "fields": {"code": "6107", "name": "Cleaning & Janitorial", "category": "Expense", "description": null, "balance": "0.00"}}, {"model": "finance.account", "pk": 99, "fields": {"code": "6108", "name": "Tool Maintenance", "category": "Expense", "description": null, "balance": "0.00"}}, {"model": "finance.account", "pk": 100, "fields": {"code": "6109", "name": "Car Wash Materials", "category": "Expense", "description": null, "balance": "0.00"}}, {"model": "finance.account", "pk": 101, "fields": {"code": "6110", "name": "Disposable Items", "category": "Expense", "description": null, "balance": "0.00"}}, {"model": "finance.account", "pk": 102, "fields": {"code": "6111", "name": "Fuel for Pick & Drop", "category": "Expense", "description": null, "balance": "0.00"}}, {"model": "finance.account", "pk": 103, "fields": {"code": "6112", "name": "Insurance", "category": "Expense", "description": null, "balance": "0.00"}}, {"model": "finance.account", "pk": 104, "fields": {"code": "6200", "name": "Social Media Ads  Meta", "category": "Expense", "description": null, "balance": "0.00"}}, {"model": "finance.account", "pk": 105, "fields": {"code": "6201", "name": "Google Ads", "category": "Expense", "description": null, "balance": "0.00"}}, {"model": "finance.account", "pk": 106, "fields": {"code": "6202", "name": "SEO & Website Hosting", "category": "Expense", "description": null, "balance": "0.00"}}, {"model": "finance.account", "pk": 107, "fields": {"code": "6203", "name": "Content Creation / Video", "category": "Expense", "description": null, "balance": "0.00"}}, {"model": "finance.account", "pk": 108, "fields": {"code": "6204", "name": "Influencer Marketing", "category": "Expense", "description": null, "balance": "0.00"}}, {"model": "finance.account", "pk": 109, "fields": {"code": "6205", "name": "Google Reviews Promotion", "category": "Expense", "description": null, "balance": "0.00"}}, {"model": "finance.account", "pk": 110, "fields": {"code": "6206", "name": "Printing & Branding", "category": "Expense", "description": null, "balance": "0.00"}}, {"model": "finance.account", "pk": 111, "fields": {"code": "6300", "name": "Office Rent", "category": "Expense", "description": null, "balance": "0.00"}}, {"model": "finance.account", "pk": 112, "fields": {"code": "6301", "name": "Legal & Consultancy", "category": "Expense", "description": null, "balance": "0.00"}}, {"model": "finance.account", "pk": 113, "fields": {"code": "6302", "name": "Bank Charges", "category": "Expense", "description": null, "balance": "0.00"}}, {"model": "finance.account", "pk": 114, "fields": {"code": "6303", "name": "Postage / Courier", "category": "Expense", "description": null, "balance": "0.00"}}, {"model": "finance.account", "pk": 115, "fields": {"code": "6304", "name": "IT Subscriptions", "category": "Expense", "description": null, "balance": "0.00"}}, {"model": "finance.account", "pk": 116, "fields": {"code": "6305", "name": "Depreciation Expense", "category": "Expense", "description": null, "balance": "0.00"}}, {"model": "finance.account", "pk": 117, "fields": {"code": "6306", "name": "Audit Fee", "category": "Expense", "description": null, "balance": "0.00"}}, {"model": "finance.account", "pk": 118, "fields": {"code": "6307", "name": "Government Fees", "category": "Expense", "description": null, "balance": "0.00"}}, {"model": "finance.account", "pk": 119, "fields": {"code": "6308", "name": "License Renewal", "category": "Expense", "description": null, "balance": "0.00"}}, {"model": "finance.account", "pk": 120, "fields": {"code": "7010", "name": "Discount Received", "category": "Other Income", "description": null, "balance": "0.00"}}, {"model": "finance.account", "pk": 121, "fields": {"code": "7020", "name": "Supplier Rebate", "category": "Other Income", "description": null, "balance": "0.00"}}, {"model": "finance.account", "pk": 122, "fields": {"code": "7030", "name": "Insurance Claim Income", "category": "Other Income", "description": null, "balance": "0.00"}}, {"model": "finance.account", "pk": 123, "fields": {"code": "7040", "name": "Scrap Material Income", "category": "Other Income", "description": null, "balance": "0.00"}}, {"model": "finance.account", "pk": 124, "fields": {"code": "8010", "name": "Penalties & Fines", "category": "Other Expense", "description": null, "balance": "0.00"}}, {"model": "finance.account", "pk": 125, "fields": {"code": "8020", "name": "Bad Debts", "category": "Other Expense", "description": null, "balance": "0.00"}}, {"model": "finance.account", "pk": 126, "fields": {"code": "8030", "name": "Inventory Loss", "category": "Other Expense", "description": null, "balance": "0.00"}}, {"model": "finance.account", "pk": 127, "fields": {"code": "8040", "name": "Bank Loan Interest", "category": "Other Expense", "description": null, "balance": "0.00"}}, {"model": "finance.account", "pk": 128, "fields": {"code": "8050", "name": "Settlement Write-Off", "category": "Other Expense", "description": null, "balance": "0.00"}}, {"model": "finance.account", "pk": 129, "fields": {"code": "6001", "name": "Marketing Expense", "category": "EXPENSE", "description": null, "balance": "0.00"}}, {"model": "finance.account", "pk": 130, "fields": {"code": "6002", "name": "Operations Expense", "category": "EXPENSE", "description": null, "balance": "0.00"}}, {"model": "finance.account", "pk": 131, "fields": {"code": "6003", "name": "HR & Staff Expense", "category": "EXPENSE", "description": null, "balance": "0.00"}}, {"model": "finance.account", "pk": 132, "fields": {"code": "4000", "name": "Sales Revenue", "category": "REVENUE", "description": null, "balance": "5880.00"}}, {"model": "finance.transaction", "pk": 1, "fields": {"account": 132, "department_ref": null, "department": "OPERATIONS", "date": "2026-01-27T11:08:32.794Z", "amount": "0.00", "transaction_type": "CREDIT", "description": "Revenue from Invoice INV-JC-9999 - John Doe", "reference": "INV-JC-9999"}}, {"model": "finance.transaction", "pk": 2, "fields": {"account": 132, "department_ref": null, "department": "OPERATIONS", "date": "2026-01-27T11:09:13.820Z", "amount": "0.00", "transaction_type": "CREDIT", "description": "Revenue from Invoice INV-JC-9999 - John Doe", "reference": "INV-JC-9999"}}, {"model": "finance.transaction", "pk": 3, "fields": {"account": 132, "department_ref": null, "department": "OPERATIONS", "date": "2026-01-27T11:37:26.352Z", "amount": "105.00", "transaction_type": "CREDIT", "description": "Revenue from Invoice TEST-INV-100 - Test Customer", "reference": "TEST-INV-100"}}, {"model": "finance.transaction", "pk": 4, "fields": {"account": 132, "department_ref": null, "department": "OPERATIONS", "date": "2026-01-28T06:13:39.203Z", "amount": "5775.00", "transaction_type": "CREDIT", "description": "Revenue from Invoice INV-JC-2438 - Ruchika", "reference": "INV-JC-2438"}}, {"model": "hr.employee", "pk": 5, "fields": {"user": 90, "employee_id": "EMP999", "department": null, "pin_code": "999999", "role": "Technician", "basic_salary": "5000.00", "housing_allowance": "2000.00", "transport_allowance": "500.00", "date_joined": "2025-01-01", "is_active": true, "bio": null, "profile_image": "", "accent_color": "#b08d57", "medical_history": null, "family_members_count": 0, "visa_start_date": null, "experience_summary": null, "emergency_contact_1_name": null, "emergency_contact_1_phone": null, "emergency_contact_1_relation": null, "emergency_contact_1_photo": "", "emergency_contact_2_name": null, "emergency_contact_2_phone": null, "emergency_contact_2_relation": null, "emergency_contact_2_photo": ""}}, {"model": "hr.employee", "pk": 10, "fields": {"user": 95, "employee_id": "RADHIR-001", "department": null, "pin_code": "111111", "role": "System Architect | Admin", "basic_salary": "50000.00", "housing_allowance": "0.00", "transport_allowance": "0.00", "date_joined": "2026-01-27", "is_active": true, "bio": "Building the engine that powers the business. Bridging the gap between strategy and silicon.", "profile_image": "profiles/radhir.jpg", "accent_color": "#8400ff", "medical_history": null, "family_members_count": 0, "visa_start_date": null, "experience_summary": null, "emergency_contact_1_name": null, "emergency_contact_1_phone": null, "emergency_contact_1_relation": null, "emergency_contact_1_photo": "", "emergency_contact_2_name": null, "emergency_contact_2_phone": null, "emergency_contact_2_relation": null, "emergency_contact_2_photo": ""}}, {"model": "hr.employee", "pk": 11, "fields": {"user": 96, "employee_id": "RUCHIKA-001", "department": null, "pin_code": "888888", "role": "Owner & Managing Director", "basic_salary": "50000.00", "housing_allowance": "0.00", "transport_allowance": "0.00", "date_joined": "2026-01-27", "is_active": true, "bio": "Architecting the future of automotive digital ecosystems through high-performance leadership.", "profile_image": "profiles/ruchika.jpg", "accent_color": "#b08d57", "medical_history": null, "family_members_count": 0, "visa_start_date": null, "experience_summary": null, "emergency_contact_1_name": null, "emergency_contact_1_phone": null, "emergency_contact_1_relation": null, "emergency_contact_1_photo": "", "emergency_contact_2_name": null, "emergency_contact_2_phone": null, "emergency_contact_2_relation": null, "emergency_contact_2_photo": ""}}, {"model": "hr.employee", "pk": 12, "fields": {"user": 97, "employee_id": "AFSAR-001", "department": null, "pin_code": "777777", "role": "Service Advisor", "basic_salary": "50000.00", "housing_allowance": "0.00", "transport_allowance": "0.00", "date_joined": "2026-01-27", "is_active": true, "bio": "Driving operational excellence and strategic growth across the Elite Shine industrial network.", "profile_image": "profiles/afsar.jpg", "accent_color": "#3b82f6", "medical_history": null, "family_members_count": 0, "visa_start_date": null, "experience_summary": null, "emergency_contact_1_name": null, "emergency_contact_1_phone": null, "emergency_contact_1_relation": null, "emergency_contact_1_photo": "", "emergency_contact_2_name": null, "emergency_contact_2_phone": null, "emergency_contact_2_relation": null, "emergency_contact_2_photo": ""}}, {"model": "hr.employee", "pk": 13, "fields": {"user": 98, "employee_id": "ANKIT-001", "department": null, "pin_code": "666666", "role": "Group Manager", "basic_salary": "50000.00", "housing_allowance": "0.00", "transport_allowance": "0.00", "date_joined": "2026-01-27", "is_active": true, "bio": "Optimizing workshop workflows and managing mission-critical logistics for the team.", "profile_image": "profiles/ankit.jpg", "accent_color": "#f59e0b", "medical_history": null, "family_members_count": 0, "visa_start_date": null, "experience_summary": null, "emergency_contact_1_name": null, "emergency_contact_1_phone": null, "emergency_contact_1_relation": null, "emergency_contact_1_photo": "", "emergency_contact_2_name": null, "emergency_contact_2_phone": null, "emergency_contact_2_relation": null, "emergency_contact_2_photo": ""}}, {"model": "hr.employee", "pk": 14, "fields": {"user": 99, "employee_id": "ES-NOM", "department": null, "pin_code": "1234", "role": "Technical Lead", "basic_salary": "0.00", "housing_allowance": "0.00", "transport_allowance": "0.00", "date_joined": "2025-01-01", "is_active": true, "bio": null, "profile_image": "", "accent_color": "#b08d57", "medical_history": null, "family_members_count": 0, "visa_start_date": null, "experience_summary": null, "emergency_contact_1_name": null, "emergency_contact_1_phone": null, "emergency_contact_1_relation": null, "emergency_contact_1_photo": "", "emergency_contact_2_name": null, "emergency_contact_2_phone": null, "emergency_contact_2_relation": null, "emergency_contact_2_photo": ""}}, {"model": "hr.hrrule", "pk": 1, "fields": {"rule_name": "Normal Overtime Rate", "rule_value": "1.25", "description": "Multiplier for hours above 8 per day"}}, {"model": "hr.hrrule", "pk": 2, "fields": {"rule_name": "Holiday Overtime Rate", "rule_value": "1.50", "description": "Multiplier for public holidays"}}, {"model": "hr.hrrule", "pk": 3, "fields": {"rule_name": "Late Penalty (AED)", "rule_value": "50.00", "description": "Deduction for late arrival > 30 mins"}}, {"model": "hr.hrrule", "pk": 4, "fields": {"rule_name": "Grace Period (Mins)", "rule_value": "15.00", "description": "Allowed delay for morning clock-in"}}, {"model": "hr.payroll", "pk": 2, "fields": {"employee": 5, "month": "2026-01-01", "basic_paid": "3750.00", "overtime_paid": "0.00", "incentives": "0.00", "deductions": "0.00", "net_salary": "6250.00", "status": "PROCESSED"}}, {"model": "hr.payroll", "pk": 3, "fields": {"employee": 10, "month": "2026-01-01", "basic_paid": "0.00", "overtime_paid": "0.00", "incentives": "0.00", "deductions": "0.00", "net_salary": "0.00", "status": "PROCESSED"}}, {"model": "hr.payroll", "pk": 4, "fields": {"employee": 11, "month": "2026-01-01", "basic_paid": "0.00", "overtime_paid": "0.00", "incentives": "0.00", "deductions": "0.00", "net_salary": "0.00", "status": "PROCESSED"}}, {"model": "hr.payroll", "pk": 5, "fields": {"employee": 12, "month": "2026-01-01", "basic_paid": "0.00", "overtime_paid": "0.00", "incentives": "0.00", "deductions": "0.00", "net_salary": "0.00", "status": "PROCESSED"}}, {"model": "hr.payroll", "pk": 6, "fields": {"employee": 13, "month": "2026-01-01", "basic_paid": "0.00", "overtime_paid": "0.00", "incentives": "0.00", "deductions": "0.00", "net_salary": "0.00", "status": "PROCESSED"}}, {"model": "hr.payroll", "pk": 7, "fields": {"employee": 14, "month": "2026-01-01", "basic_paid": "0.00", "overtime_paid": "0.00", "incentives": "0.00", "deductions": "0.00", "net_salary": "0.00", "status": "PROCESSED"}}, {"model": "hr.hrattendance", "pk": 2, "fields": {"employee": 5, "date": "2026-01-01", "clock_in": "08:00:00", "clock_out": "17:00:00", "total_hours": "9.00"}}, {"model": "hr.hrattendance", "pk": 3, "fields": {"employee": 5, "date": "2026-01-02", "clock_in": "08:00:00", "clock_out": "17:00:00", "total_hours": "9.00"}}, {"model": "hr.hrattendance", "pk": 4, "fields": {"employee": 5, "date": "2026-01-03", "clock_in": "08:00:00", "clock_out": "17:00:00", "total_hours": "9.00"}}, {"model": "hr.hrattendance", "pk": 5, "fields": {"employee": 5, "date": "2026-01-04", "clock_in": "08:00:00", "clock_out": "17:00:00", "total_hours": "9.00"}}, {"model": "hr.hrattendance", "pk": 6, "fields": {"employee": 5, "date": "2026-01-05", "clock_in": "08:00:00", "clock_out": "17:00:00", "total_hours": "9.00"}}, {"model": "hr.hrattendance", "pk": 7, "fields": {"employee": 5, "date": "2026-01-06", "clock_in": "08:00:00", "clock_out": "17:00:00", "total_hours": "9.00"}}, {"model": "hr.hrattendance", "pk": 8, "fields": {"employee": 5, "date": "2026-01-07", "clock_in": "08:00:00", "clock_out": "17:00:00", "total_hours": "9.00"}}, {"model": "hr.hrattendance", "pk": 9, "fields": {"employee": 5, "date": "2026-01-08", "clock_in": "08:00:00", "clock_out": "17:00:00", "total_hours": "9.00"}}, {"model": "hr.hrattendance", "pk": 10, "fields": {"employee": 5, "date": "2026-01-09", "clock_in": "08:00:00", "clock_out": "17:00:00", "total_hours": "9.00"}}, {"model": "hr.hrattendance", "pk": 11, "fields": {"employee": 5, "date": "2026-01-10", "clock_in": "08:00:00", "clock_out": "17:00:00", "total_hours": "9.00"}}, {"model": "hr.hrattendance", "pk": 12, "fields": {"employee": 5, "date": "2026-01-11", "clock_in": "08:00:00", "clock_out": "17:00:00", "total_hours": "9.00"}}, {"model": "hr.hrattendance", "pk": 13, "fields": {"employee": 5, "date": "2026-01-12", "clock_in": "08:00:00", "clock_out": "17:00:00", "total_hours": "9.00"}}, {"model": "hr.hrattendance", "pk": 14, "fields": {"employee": 5, "date": "2026-01-13", "clock_in": "08:00:00", "clock_out": "17:00:00", "total_hours": "9.00"}}, {"model": "hr.hrattendance", "pk": 15, "fields": {"employee": 5, "date": "2026-01-14", "clock_in": "08:00:00", "clock_out": "17:00:00", "total_hours": "9.00"}}, {"model": "hr.hrattendance", "pk": 16, "fields": {"employee": 5, "date": "2026-01-15", "clock_in": "08:00:00", "clock_out": "17:00:00", "total_hours": "9.00"}}, {"model": "hr.hrattendance", "pk": 17, "fields": {"employee": 5, "date": "2026-01-16", "clock_in": "08:00:00", "clock_out": "17:00:00", "total_hours": "9.00"}}, {"model": "hr.hrattendance", "pk": 18, "fields": {"employee": 5, "date": "2026-01-17", "clock_in": "08:00:00", "clock_out": "17:00:00", "total_hours": "9.00"}}, {"model": "hr.hrattendance", "pk": 19, "fields": {"employee": 5, "date": "2026-01-18", "clock_in": "08:00:00", "clock_out": "17:00:00", "total_hours": "9.00"}}, {"model": "hr.hrattendance", "pk": 20, "fields": {"employee": 5, "date": "2026-01-19", "clock_in": "08:00:00", "clock_out": "17:00:00", "total_hours": "9.00"}}, {"model": "hr.hrattendance", "pk": 21, "fields": {"employee": 5, "date": "2026-01-20", "clock_in": "08:00:00", "clock_out": "17:00:00", "total_hours": "9.00"}}, {"model": "hr.hrattendance", "pk": 22, "fields": {"employee": 5, "date": "2026-01-27", "clock_in": "22:44:11.911", "clock_out": null, "total_hours": "0.00"}}, {"model": "hr.hrattendance", "pk": 23, "fields": {"employee": 10, "date": "2026-01-28", "clock_in": "04:44:21.899", "clock_out": null, "total_hours": "0.00"}}, {"model": "hr.department", "pk": 1, "fields": {"name": "MANAGEMENT", "description": "Executive leadership and strategic planning.", "head": null, "monthly_sales_target": "500000.00", "monthly_expense_budget": "50000.00", "created_at": "2026-01-28T05:25:39.519Z"}}, {"model": "hr.department", "pk": 2, "fields": {"name": "OPERATIONS", "description": "Main workshop operations and service delivery.", "head": null, "monthly_sales_target": "1000000.00", "monthly_expense_budget": "200000.00", "created_at": "2026-01-28T05:25:39.523Z"}}, {"model": "hr.department", "pk": 3, "fields": {"name": "DETAILING", "description": "Premium car detailing and aesthetic services.", "head": null, "monthly_sales_target": "300000.00", "monthly_expense_budget": "40000.00", "created_at": "2026-01-28T05:25:39.526Z"}}, {"model": "hr.department", "pk": 4, "fields": {"name": "PAINTING", "description": "Body work and customized painting services.", "head": null, "monthly_sales_target": "200000.00", "monthly_expense_budget": "30000.00", "created_at": "2026-01-28T05:25:39.529Z"}}, {"model": "hr.department", "pk": 5, "fields": {"name": "PPF & WRAPPING", "description": "Paint protection film and wrapping services.", "head": null, "monthly_sales_target": "400000.00", "monthly_expense_budget": "60000.00", "created_at": "2026-01-28T05:25:39.532Z"}}, {"model": "hr.department", "pk": 6, "fields": {"name": "MARKETING & MEDIA", "description": "Social media, SEO, and content creation.", "head": null, "monthly_sales_target": "0.00", "monthly_expense_budget": "80000.00", "created_at": "2026-01-28T05:25:39.535Z"}}, {"model": "hr.department", "pk": 7, "fields": {"name": "ACCOUNTING", "description": "Financial management and auditing.", "head": null, "monthly_sales_target": "0.00", "monthly_expense_budget": "15000.00", "created_at": "2026-01-28T05:25:39.539Z"}}, {"model": "hr.department", "pk": 8, "fields": {"name": "HR", "description": "Human resources and recruitment.", "head": null, "monthly_sales_target": "0.00", "monthly_expense_budget": "10000.00", "created_at": "2026-01-28T05:25:39.542Z"}}, {"model": "hr.team", "pk": 1, "fields": {"name": "SOCIAL MEDIA TEAM", "department": 6, "description": "Managing brand presence and social engagement.", "leader": null, "is_active": true, "created_at": "2026-01-28T05:17:25.479Z", "members": []}}, {"model": "hr.team", "pk": 2, "fields": {"name": "SEO & DIGITAL MARKETING", "department": 6, "description": "Search engine optimization and digital ad campaigns.", "leader": null, "is_active": true, "created_at": "2026-01-28T05:17:25.489Z", "members": []}}, {"model": "hr.team", "pk": 3, "fields": {"name": "VIDEOGRAPHERS", "department": 6, "description": "Visual content creation, editing, and workshop coverage.", "leader": null, "is_active": true, "created_at": "2026-01-28T05:17:25.492Z", "members": []}}, {"model": "hr.team", "pk": 4, "fields": {"name": "MANAGEMENT", "department": 1, "description": "Executive group.", "leader": 11, "is_active": true, "created_at": "2026-01-28T05:17:25.495Z", "members": [11]}}, {"model": "scheduling.workteam", "pk": 1, "fields": {"name": "Team A", "section": "DETAILING", "leader": "JANSAID", "capacity": 4, "spacer": 1}}, {"model": "scheduling.workteam", "pk": 2, "fields": {"name": "Team B", "section": "DETAILING", "leader": "DHIRAJ", "capacity": 4, "spacer": 1}}, {"model": "scheduling.workteam", "pk": 3, "fields": {"name": "Team C", "section": "DETAILING", "leader": "SADDAM", "capacity": 4, "spacer": 1}}, {"model": "scheduling.workteam", "pk": 4, "fields": {"name": "Team D", "section": "DETAILING", "leader": "MAMZUL", "capacity": 4, "spacer": 1}}, {"model": "scheduling.workteam", "pk": 5, "fields": {"name": "Painting Team A", "section": "PAINTING", "leader": "Amir", "capacity": 2, "spacer": 1}}, {"model": "scheduling.workteam", "pk": 6, "fields": {"name": "Painting Team B", "section": "PAINTING", "leader": "Imran", "capacity": 2, "spacer": 1}}, {"model": "scheduling.workteam", "pk": 7, "fields": {"name": "PPF Team", "section": "PPF_WRAPPING", "leader": "Abid", "capacity": 4, "spacer": 1}}, {"model": "scheduling.employeedailyreport", "pk": 1, "fields": {"user": 96, "date": "2026-01-28", "role": "SALES", "tasks_completed": "", "upsell_amount": "0.00", "upsell_count": 0, "complaints_received": 0, "complaints_resolved": 0, "new_bookings": 0, "collections_today": "0.00", "payments_processed": "0.00", "petty_cash_closing": "0.00", "workshop_delivery_count": 0, "qc_passed_count": 0, "notes": "", "created_at": "2026-01-28T06:16:12.951Z"}}, {"model": "notifications.notificationlog", "pk": 1, "fields": {"recipient": "+971 55 111 2222", "notification_type": "WHATSAPP", "subject": "Job Update: Step 2: Estimation", "message": "Dear John Wick, the estimate for your Mercedes G63 AMG is ready for review. View details: http://localhost:5173/portal/08d28d7c-d814-405d-b9ea-5f3daf7dd264", "content_type": 9, "object_id": 1, "sent_at": "2026-01-28T04:47:33.100Z", "status": "SENT"}}, {"model": "notifications.notificationlog", "pk": 2, "fields": {"recipient": "+971 55 111 2222", "notification_type": "SMS", "subject": "Job Update: Step 2: Estimation", "message": "Dear John Wick, the estimate for your Mercedes G63 AMG is ready for review. View details: http://localhost:5173/portal/08d28d7c-d814-405d-b9ea-5f3daf7dd264", "content_type": 9, "object_id": 1, "sent_at": "2026-01-28T04:47:33.107Z", "status": "SENT"}}, {"model": "notifications.notificationlog", "pk": 3, "fields": {"recipient": "+971 50 777 8888", "notification_type": "WHATSAPP", "subject": "Job Update: Step 4: Work In Progress", "message": "Good news Tony Stark 112757! Work has officially started on your Audi Audi R8. Follow progress: http://localhost:5173/portal/08d28d7c-d814-405d-b9ea-5f3daf7dd264", "content_type": 9, "object_id": 10, "sent_at": "2026-01-28T04:47:43.193Z", "status": "SENT"}}, {"model": "notifications.notificationlog", "pk": 4, "fields": {"recipient": "+971 50 777 8888", "notification_type": "SMS", "subject": "Job Update: Step 4: Work In Progress", "message": "Good news Tony Stark 112757! Work has officially started on your Audi Audi R8. Follow progress: http://localhost:5173/portal/08d28d7c-d814-405d-b9ea-5f3daf7dd264", "content_type": 9, "object_id": 10, "sent_at": "2026-01-28T04:47:43.200Z", "status": "SENT"}}, {"model": "notifications.notificationlog", "pk": 5, "fields": {"recipient": "0565241047", "notification_type": "WHATSAPP", "subject": "Job Update: Step 2: Estimation", "message": "Dear Ruchika, the estimate for your rOLLS ROYCE is ready for review. View details: http://localhost:5173/portal/76cdcb91-e508-4a9c-95c2-2599519e4fde", "content_type": 9, "object_id": 11, "sent_at": "2026-01-28T06:12:22.471Z", "status": "SENT"}}, {"model": "notifications.notificationlog", "pk": 6, "fields": {"recipient": "0565241047", "notification_type": "SMS", "subject": "Job Update: Step 2: Estimation", "message": "Dear Ruchika, the estimate for your rOLLS ROYCE is ready for review. View details: http://localhost:5173/portal/76cdcb91-e508-4a9c-95c2-2599519e4fde", "content_type": 9, "object_id": 11, "sent_at": "2026-01-28T06:12:22.478Z", "status": "SENT"}}, {"model": "notifications.notificationlog", "pk": 7, "fields": {"recipient": "0565241047", "notification_type": "WHATSAPP", "subject": "Job Update: Step 3: Work Assignment", "message": "Dear Ruchika, a technician has been assigned to your rOLLS ROYCE. Work will begin shortly.", "content_type": 9, "object_id": 11, "sent_at": "2026-01-28T06:12:24.472Z", "status": "SENT"}}, {"model": "notifications.notificationlog", "pk": 8, "fields": {"recipient": "0565241047", "notification_type": "SMS", "subject": "Job Update: Step 3: Work Assignment", "message": "Dear Ruchika, a technician has been assigned to your rOLLS ROYCE. Work will begin shortly.", "content_type": 9, "object_id": 11, "sent_at": "2026-01-28T06:12:24.479Z", "status": "SENT"}}, {"model": "notifications.notificationlog", "pk": 9, "fields": {"recipient": "0565241047", "notification_type": "WHATSAPP", "subject": "Job Update: Step 4: Work In Progress", "message": "Good news Ruchika! Work has officially started on your rOLLS ROYCE. Follow progress: http://localhost:5173/portal/76cdcb91-e508-4a9c-95c2-2599519e4fde", "content_type": 9, "object_id": 11, "sent_at": "2026-01-28T06:12:25.883Z", "status": "SENT"}}, {"model": "notifications.notificationlog", "pk": 10, "fields": {"recipient": "0565241047", "notification_type": "SMS", "subject": "Job Update: Step 4: Work In Progress", "message": "Good news Ruchika! Work has officially started on your rOLLS ROYCE. Follow progress: http://localhost:5173/portal/76cdcb91-e508-4a9c-95c2-2599519e4fde", "content_type": 9, "object_id": 11, "sent_at": "2026-01-28T06:12:25.891Z", "status": "SENT"}}, {"model": "notifications.notificationlog", "pk": 11, "fields": {"recipient": "0565241047", "notification_type": "WHATSAPP", "subject": "Job Update: Step 5: QC Approval", "message": "Dear Ruchika, work on your rOLLS ROYCE is complete. We are now performing final quality checks.", "content_type": 9, "object_id": 11, "sent_at": "2026-01-28T06:12:27.083Z", "status": "SENT"}}, {"model": "notifications.notificationlog", "pk": 12, "fields": {"recipient": "0565241047", "notification_type": "SMS", "subject": "Job Update: Step 5: QC Approval", "message": "Dear Ruchika, work on your rOLLS ROYCE is complete. We are now performing final quality checks.", "content_type": 9, "object_id": 11, "sent_at": "2026-01-28T06:12:27.092Z", "status": "SENT"}}, {"model": "notifications.notificationlog", "pk": 13, "fields": {"recipient": "0565241047", "notification_type": "WHATSAPP", "subject": "Job Update: Step 6: Invoicing", "message": "Dear Ruchika, your invoice for rOLLS ROYCE is being prepared. You will receive billing details shortly.", "content_type": 9, "object_id": 11, "sent_at": "2026-01-28T06:12:31.508Z", "status": "SENT"}}, {"model": "notifications.notificationlog", "pk": 14, "fields": {"recipient": "0565241047", "notification_type": "SMS", "subject": "Job Update: Step 6: Invoicing", "message": "Dear Ruchika, your invoice for rOLLS ROYCE is being prepared. You will receive billing details shortly.", "content_type": 9, "object_id": 11, "sent_at": "2026-01-28T06:12:31.521Z", "status": "SENT"}}, {"model": "notifications.notificationlog", "pk": 15, "fields": {"recipient": "0565241047", "notification_type": "WHATSAPP", "subject": "Job Update: Step 7: Delivery", "message": "Great news Ruchika! Your rOLLS ROYCE is ready for collection. Please visit us at your convenience. Track: http://localhost:5173/portal/76cdcb91-e508-4a9c-95c2-2599519e4fde", "content_type": 9, "object_id": 11, "sent_at": "2026-01-28T06:12:39.783Z", "status": "SENT"}}, {"model": "notifications.notificationlog", "pk": 16, "fields": {"recipient": "0565241047", "notification_type": "SMS", "subject": "Job Update: Step 7: Delivery", "message": "Great news Ruchika! Your rOLLS ROYCE is ready for collection. Please visit us at your convenience. Track: http://localhost:5173/portal/76cdcb91-e508-4a9c-95c2-2599519e4fde", "content_type": 9, "object_id": 11, "sent_at": "2026-01-28T06:12:39.789Z", "status": "SENT"}}]